|Text|Link|Desc
0|علم داده (Data Science) چیست و چه کاربردهایی دارد؟ - سحاب|https://www.sahab.ir/insights/what-is-data-science/|Tir 19, 1400 AP —
1|علم داده‌ها - ویکی‌پدیا، دانشنامهٔ آزاد|https://fa.wikipedia.org/wiki/%D8%B9%D9%84%D9%85_%D8%AF%D8%A7%D8%AF%D9%87%E2%80%8C%D9%87%D8%A7|متخصص علم داده دانشی کاربردی از داده‌ها و ابزارها دارد به علاوه درک تئوریکی دارد که مشخص می‌کند چه چیزی از نظر علمی ممکن است. Data Science ...
2|"علم داده چیست | کاربردهای رشته دیتا ساینس - متمم"|https://motamem.org/%D8%B9%D9%84%D9%85-%D8%AF%D8%A7%D8%AF%D9%87-%DA%86%DB%8C%D8%B3%D8%AA/|بسیاری از ما شنیده‌ایم که علم داده (Data Science) علمِ دنیای فرداست و متخصصان علم داده به سرعت توسط کسب و کارها جذب می‌شوند؛ اما شاید فرصتی پیش نیامده باشد ...
3|علم داده چیست؟ - مجله فرادرس|https://blog.faradars.org/%D8%B9%D9%84%D9%85-%D8%AF%D8%A7%D8%AF%D9%87-%DA%86%DB%8C%D8%B3%D8%AA%D8%9F/|«علم داده» (data science)، یک زمینه میان رشته‌ای است که از روش‌ها، فرآیندها، الگوریتم‌ها و سیستم‌های علمی برای استخراج دانش و بینش از داده‌ها در اشکال ...
4|علم داده چیست و متخصصین علوم داده چه کاری انجام می‌دهند؟ - همیار ...|https://www.hamyarit.com/basic/data-science/|علم داده‌ یا دیتا ساینس (Data Science) یکی از مباحث روز دنیا است که با استفاده از کامپیوتر و فناوری اطلاعات شکل گرفته است. این حوزه اساسا متکی به علم ...
5|علم داده چیست؟ Data Science و Data Mining چه تفاوتی دارند؟|https://www.irandnn.ir/mag/what-is-data-science/|Esfand 17, 1400 AP —
6|"علم داده | دیتاساینس - مکتب خونه"|https://maktabkhooneh.org/learn/%D8%B9%D9%84%D9%85-%D8%AF%D8%A7%D8%AF%D9%87-mk232/|این علم ترکیبی از ابزارهای مختلف، الگوریتم‌ها و اصول یادگیری ماشین است. هدف علم داده را می‌توان استخراج معنا و مفهوم داده‌ها و همچنین تولید محصولات داده‌محور از ...
7|علم داده (Data Science) چیست و چه کاربردهایی دارد؟ - کافه تدریس|http://cafetadris.com/blog/%D8%B9%D9%84%D9%85-%D8%AF%D8%A7%D8%AF%D9%87-data-science/|علم داده (Data Science) حوزه مطالعاتی است که با به‌کارگیری ابزارها و تکنیک‌های مدرن حجم گسترده‌ای از داده‌ها را برای یافتن الگوهای پنهان در داده‌ها، استخراج ...
8|"دوره جامع یادگیری علم داده (Data Science) | کافه‌تدریس"|https://cafetadris.com/datascience|آموزش صفر تا صد علم داده; کلاس‌های آنلاین تعاملی; وبینارهای رایگان مسیر شغلی; ارائه پروژه و رفع اشکال; دسترسی به ویدئوی ضبط‌شده کلاس ...
9|علم داده‌ها (Data Science) چیست و متخصص علم داده (Data Scientist ...|https://pastishow.ir/data-science%E2%80%8C-data-scientist/|علم داده مفهومی برای یکپارچه‌سازی آمار، تحلیل داده، یادگیری ماشین و دیگر مفاهیم مرتبط تحت یک عنوان واحد است. این کار به منظور درک و تحلیل پدیده‌ها با استفاده از ...
10|علم داده یا Data Science چیست؟ - فناوران ویراکام|https://virakam.com/%D8%B9%D9%84%D9%85-%D8%AF%D8%A7%D8%AF%D9%87/|علم داده ترکیبی از ابزارهای مختلف، الگوریتم ها و اصول machine learning با هدف کشف الگو های پنهان از داده های خام است. اما چگونه این تفاوت با آن که سال هاست ...
11|دیتا ساینس یا علمِ داده و بررسی آینده‌ی شغلی آن - دکتر محمد فزونی|https://www.m-fozouni.ir/data-science/|دیتا ساینس یا علم داده چیست؟ —
12|دیتا ساینس (Data Science) یا علم داده چیست؟ (راهنمای جامع)|https://karboom.io/mag/articles/%D8%AF%DB%8C%D8%AA%D8%A7-%D8%B3%D8%A7%DB%8C%D9%86%D8%B3-%DA%86%DB%8C%D8%B3%D8%AA|Farvardin 21, 1401 AP —
13|"دوره جامع علم‌ داده | Tehran Data گواهی دو زبانه دیتاساینس"|https://tehrandata.org/courses/datascience/|Ordibehesht 3, 1401 AP —
14|علم داده (Data Science) چیست و چه کاربردهایی دارد؟ - نوکارتو|https://nokarto.com/%D8%B9%D9%84%D9%85-%D8%AF%D8%A7%D8%AF%D9%87/|علم داده (Data Science) شامل مجموعه‌ای از اصول، تعریف مسئله، الگوریتم‌ها و فرآیندها است که هدف آن استخراج الگوهای غیرواضح و مفید از مجموعه داده‌ها است.
15|دوره آنلاین و بلند مدت علم داده - موسسه توسعه|https://tihe.ac.ir/product/data-science/|دوره علم داده که 100 ساعت آموزش دیتا ساینس با زبان های R، Python و همچنین SQL Server است. با گواهینامه مورد تایید وزارت علوم و قابل ترجمه.
16|"دوره علم داده (دیتا ساینس) | با گواهینامه | آنلاین و جامع - موسسه ..."|https://tihe.ac.ir/data-science-course/|علم داده‌ یا دیتا ساینس (Data Science) یکی از مباحث روز دنیا است که با استفاده از کامپیوتر و فناوری اطلاعات شکل گرفته است. این حوزه اساسا متکی به علم ...
17|علم داده چیست؟ - فرزیاب موتور جستجو پرسش و پاسخ|https://www.ferzyab.com/question/2395/%D8%B9%D9%84%D9%85-%D8%AF%D8%A7%D8%AF%D9%87-%DA%86%DB%8C%D8%B3%D8%AA|علم داده · آخرین ویدیوها · لیست‌های پخش · سخنرانی‌ها · ویدیوهای آموزشی کوتاه مرتبط با کسب و کار و علم داده · ویدیوهای متفرقه در خصوص علم داده · آموزش تحلیل داده‌ها با ...
18|"آموزش علم داده | آموزش داده کاوی از مقدماتی تا پیشرفته - سون لرن"|https://7learn.com/course/data-science-expert|متخصص علم داده (data science). با تدریس مسعود کاویانی. بیش از ۹۰ ...
19|"علم داده یا Data Science چیست؟ | ویستا سامانه آسا"|https://asax.ir/%D9%88%D8%A8%D9%84%D8%A7%DA%AF/%D8%B9%D9%84%D9%85-%D8%AF%D8%A7%D8%AF%D9%87-%DB%8C%D8%A7-data-science-%DA%86%DB%8C%D8%B3%D8%AA%D8%9F/|Tir 29, 1400 AP —
20|MBA علم داده و معاملات الگوریتمی - مرکز آموزش های آزاد و مجازی ...|https://vclc.alzahra.ac.ir/course/mba-%D8%B9%D9%84%D9%85-%D8%AF%D8%A7%D8%AF%D9%87-%D9%88-%D9%85%D8%B9%D8%A7%D9%85%D9%84%D8%A7%D8%AA-%D8%A7%D9%84%DA%AF%D9%88%D8%B1%DB%8C%D8%AA%D9%85%DB%8C/|هدف کلان دوره: آشنا سازی دانش پذیران با شیوه های نوین معاملاتی و کاربردهای علم داده در اقتصاد و مالی و توانایی تولید الگوریتم های اختصاصی در بازار سرمایه داخل و ...
21|علم داده چیست و دانشمند داده کیست؟ - سایت استخدام مهندس ...|https://computerjobs.ir/%D9%85%D8%B9%D8%B1%D9%81%DB%8C-%D8%B4%D8%BA%D9%84-%DA%A9%D8%A7%D9%85%D9%BE%DB%8C%D9%88%D8%AA%D8%B1/%D9%81%D8%B1%D8%B5%D8%AA-%D9%87%D8%A7%DB%8C-%D8%B4%D8%BA%D9%84%DB%8C-%D8%B1%D8%B4%D8%AA%D9%87-%D9%86%D8%B1%D9%85-%D8%A7%D9%81%D8%B2%D8%A7%D8%B1/457-%D8%B9%D9%84%D9%85-%D8%AF%D8%A7%D8%AF%D9%87-%DA%86%DB%8C%D8%B3%D8%AA-%D9%88-%D8%AF%D8%A7%D9%86%D8%B4%D9%85%D9%86%D8%AF-%D8%AF%D8%A7%D8%AF%D9%87-%DA%A9%DB%8C%D8%B3%D8%AA%D8%9F|برای اطلاع از این که علم داده چیست، چه کار می کند و درک اهمیت آن و اینکه دانشمند داده Data Scientist کیست، چه وظایفی بر عهده او است و مهارت های مهمی که باید ...
22|متخصص علم داده کیست و چگونه یک کارشناس علم داده‌ها شویم؟|https://www.bamdad.co/mag/who-is-datascientist/|Azar 15, 1400 AP —
23|"برگزاری وب‌سمینار علم داده توسط آکادمی ایرانسل | خبرگزاری ایلنا"|https://www.ilna.news/%D8%A8%D8%AE%D8%B4-%D9%81%D9%86-%D8%A2%D9%88%D8%B1%DB%8C-158/1208154-%D8%A8%D8%B1%DA%AF%D8%B2%D8%A7%D8%B1%DB%8C-%D9%88%D8%A8-%D8%B3%D9%85%DB%8C%D9%86%D8%A7%D8%B1-%D8%B9%D9%84%D9%85-%D8%AF%D8%A7%D8%AF%D9%87-%D8%AA%D9%88%D8%B3%D8%B7-%D8%A2%DA%A9%D8%A7%D8%AF%D9%85%DB%8C-%D8%A7%DB%8C%D8%B1%D8%A7%D9%86%D8%B3%D9%84|Esfand 22, 1400 AP —
24|دوره های علم داده (کوتاه مدت و بلند مدت) - دانشکده فنی|https://catp.ut.ac.ir/fa/page/6884/%D8%AF%D9%88%D8%B1%D9%87-%D9%87%D8%A7%DB%8C-%D8%B9%D9%84%D9%85-%D8%AF%D8%A7%D8%AF%D9%87-%DA%A9%D9%88%D8%AA%D8%A7%D9%87-%D9%85%D8%AF%D8%AA-%D9%88-%D8%A8%D9%84%D9%86%D8%AF-%D9%85%D8%AF%D8%AA-|Dey 9, 1400 AP —
25|علم داده چیست؟ (معرفی 4 رکن اصلی و 5 مرحله فرآیند Data science)|https://namatek.com/%D8%B9%D9%84%D9%85-%D8%AF%D8%A7%D8%AF%D9%87/|Dey 7, 1399 AP —
26|مهارتهای لازم برای ورود به حوزه علم داده یا Data Science - ویرگول|https://virgool.io/@CodeFriend/%D9%85%D9%87%D8%A7%D8%B1%D8%AA%D9%87%D8%A7%DB%8C-%D9%84%D8%A7%D8%B2%D9%85-%D8%A8%D8%B1%D8%A7%DB%8C-%D9%88%D8%B1%D9%88%D8%AF-%D8%A8%D9%87-%D8%AD%D9%88%D8%B2%D9%87-%D8%B9%D9%84%D9%85-%D8%AF%D8%A7%D8%AF%D9%87-%DB%8C%D8%A7-data-science-td4ogaxvlb3o|بسیار از مواقع عنوان یک زمینه علمی نمی تواند راهنمای خوبی برای بیان محتوای آن باشد و این در مورد فیلد علوم داده نیز صادق است. ما در این مقاله سعی خواهیم کرد ضمن ...
27|"چگونه در سال ۲۰۲۰ یک متخصص علم داده شویم؟ | شتابدهنده شریف"|https://accelerator.sharif.ir/%DA%86%DA%AF%D9%88%D9%86%D9%87-%D8%AF%D8%B1-%D8%B3%D8%A7%D9%84-%DB%B2%DB%B0%DB%B2%DB%B0-%DB%8C%DA%A9-%D9%85%D8%AA%D8%AE%D8%B5%D8%B5-%D8%B9%D9%84%D9%85-%D8%AF%D8%A7%D8%AF%D9%87-%D8%B4%D9%88%DB%8C%D9%85/|علمِ داده (data science) یکی از موضوعات پرطرفدار در دو سال اخیر بوده‌است. طبق اطلاعات Harvard Business Review، شغل متخصصِ علمِ داده (data scientist) ...
28|دوره حضوری آنلاین جامع علم داده - سماتک|https://www.sematec-co.com/courses/detail/%D8%AF%D9%88%D8%B1%D9%87-%D8%AD%D8%B6%D9%88%D8%B1%DB%8C-%D8%A2%D9%86%D9%84%D8%A7%DB%8C%D9%86--%D9%84%D8%A7%DB%8C%D9%88--%D8%AC%D8%A7%D9%85%D8%B9-%D8%B9%D9%84%D9%85-%D8%AF%D8%A7%D8%AF%D9%87/10294/view/|در دوره جامع علم داده مباحث مرتبط با پیاده سازی پایگاه داده رابطه ای، بازیابی داده ها با زبان SQL، بصری سازی داده ها با Power BI و ... ارائه خواهد شد.
29|"دسته ها | علم داده - آکادمی داده"|https://www.dataacademy.ir/%D8%B9%D9%84%D9%85-%D8%AF%D8%A7%D8%AF%D9%87|به عنوان یک رشته، علم داده شامل جمع آوری و مطالعه داده ها برای به دست آوردن بینش و اطلاعات است که می تواند توسط سازمان ها برای ایجاد استراتژی های موثر ...
30|وبینار «علوم داده برای مدیران» برگزار شد. - تحلیل داده|http://farabar.net/%D9%88%D8%A8%DB%8C%D9%86%D8%A7%D8%B1-%D8%B9%D9%84%D9%88%D9%85-%D8%AF%D8%A7%D8%AF%D9%87-%D8%A8%D8%B1%D8%A7%DB%8C-%D9%85%D8%AF%DB%8C%D8%B1%D8%A7%D9%86-%D8%A8%D8%B1%DA%AF%D8%B2%D8%A7%D8%B1/|علم داده، علم استفاده از روش‌های ریاضیات در بستر تکنولوژی است که به منظور توسعه الگوریتم‌های طراحی شده، کشف الگوها، پیش‌بینی نتایج و یافتن راه‌حل‌های بهینه ...
31|علم داده چیست؛‌ تاریخچه، روش کار و کاربردهای آن - چطور|https://www.chetor.com/244900-%D8%B9%D9%84%D9%85-%D8%AF%D8%A7%D8%AF%D9%87/|Azar 24, 1400 AP —
32|علم داده، تحلیل داده و یادگیری ماشین چه تفاوت‌هایی باهم دارند؟|https://karokasb.org/data-science-vs-data-analytics-vs-machine-learning/|در این مقاله، ما به معنی مفاهیم علم داده، تجزیه و تحلیل داده و یادگیری ماشین، نحوه ارتباطشان با یکدیگر و تفاوت‌هایشان خواهیم پرداخت.
33|کارآموزی علم داده (دیتا ساینس) Data Science Apprenticeship|https://goalearn.ir/data-science/|علم داده (Data Science)، مجموعه‌ای از روش‌ها و نظریه‌های علوم گوناگون از جمله ریاضیات، آمار، علم اطلاعات و علوم کامپیوتر می باشد که به مطالعه، جمع‌آوری، ...
34|دوره علم داده - آموزش های تخصصی صنعتی شریف|https://sctae.jdsharif.ac.ir/product_t/%D8%AA%D8%B1%D8%A8%DB%8C%D8%AA-%DA%A9%D8%A7%D8%B1%D8%B4%D9%86%D8%A7%D8%B3-%D8%B9%D9%84%D9%85-%D8%AF%D8%A7%D8%AF%D9%87/|او در مقاله «علم داده: برنامه‌ای برای گسترش جنبه‌های فنی در رشته آمار» پیشنهاد کرد که علم داده یک رشته مستقل باشد. کلیولند این رشته جدید را مرتبط با علوم ...
35|"معرفی بهترین دانشمندان علم داده جهان | نیک آموز"|https://nikamooz.com/the-best-data-scientists-in-the-world/|وی رئیس و بنیانگذار Coursera است. او دارای مدرک دکتری علوم کامپیوتر از دانشگاه استنفورد است. در طول سال ‌ها این دانشمند بزرگ زن علم داده توانسته است با کسب ...
36|دوره جامع پرورش کارشناس علم داده - موسسه پژوهش و آموزش همکاران ...|https://education.systemgroup.net/courses/%D8%AF%D9%88%D8%B1%D9%87-%D8%AC%D8%A7%D9%85%D8%B9-%D9%BE%D8%B1%D9%88%D8%B1%D8%B4-%DA%A9%D8%A7%D8%B1%D8%B4%D9%86%D8%A7%D8%B3-%D8%B9%D9%84%D9%85-%D8%AF%D8%A7%D8%AF%D9%87/|با توجه به نیاز نیاز علاقه مندان حوزه علم داده (Data Science) موسسه آموزش همکاران سیستم دوره پرورش کارشناس علم داده را به مجموعه دوره‌های...
37|آموزش مبانی علم داده (Data Science) - مهارت های لازم برای تحلیل داده|https://amoozesh365.ir/what-is-data-science/|علم داده شامل آماده سازی داده ها برای تجزیه و تحلیل، از جمله پاکسازی، تجمیع، و دستکاری داده ها برای انجام تجزیه و تحلیل پیشرفته داده ها است.
38|"سمینار بزرگ علم داده data science | معرفی علم داده - خانه مهندسی ..."|https://iehouse.org/product/datascience/|مدت زیادیست که جهان، مملو از داده شده است، ما در خانه مهندسی صنایع یرآنیم تا با برگزاری سمینار علم داده و معرفی علم داده و معرفی data mining.
39|"علم داده یا Data Science چیست؟ چه کاربردی دارد؟ | پونیشا"|https://ponisha.ir/blog/%D8%B9%D9%84%D9%85-%D8%AF%D8%A7%D8%AF%D9%87/|Bahman 12, 1400 AP —
40|دوره علم داده - Loop Academy|https://loopacademy.io/programs/event/data-science-7gN4ZL6IX|علی شریفی در رشته علوم کامپیوتر از دانشگاه بهشتی فارغ‌التحصیل شده است و زمینه تخصصی کاری او علوم داده است. هم‌اکنون به عنوان دانشجوی کارشناسی ارشد مهندسی ...
41|آشنایی با علم داده یا Data Science - راکت|https://roocket.ir/discuss/%D8%A2%D8%B4%D9%86%D8%A7%DB%8C%DB%8C-%D8%A8%D8%A7-%D8%B9%D9%84%D9%85-%D8%AF%D8%A7%D8%AF%D9%87-%DB%8C%D8%A7-Data-Science|علم داده مجموعه‌ای از ابزارها، الگوریتم‌ها و اصول یادگیری ماشین است که هدف آن کشف الگو از میان داده‌های خام به منظور پیش‌بینی و تصمیم‌گیری است.
42|وبسمینار علم داده - ایرانسل لبز|https://labs.irancell.ir/p/15273/%D9%88%D8%A8%D8%B3%D9%85%DB%8C%D9%86%D8%A7%D8%B1-%D8%B9%D9%84%D9%85-%D8%AF%D8%A7%D8%AF%D9%87|حدود سه سال پیش، من یک مدرک کارشناسی در علوم کامپیوتر گرفتم. من رشته علم داده را انتخاب کردم، چرا که در آن زمان بسیار در مورد آن هیاهو و هیجان بود.
43|یک نقشه راه علم داده کامل در سال ۲۰۲۱ - وبلاگ ترجمیار|https://blog.tarjomyar.ir/%DB%8C%DA%A9-%D9%86%D9%82%D8%B4%D9%87-%D8%B1%D8%A7%D9%87-%D8%B9%D9%84%D9%85-%D8%AF%D8%A7%D8%AF%D9%87-%DA%A9%D8%A7%D9%85%D9%84-%D8%AF%D8%B1-%D8%B3%D8%A7%D9%84-%DB%B2%DB%B0%DB%B2%DB%B1-di2fzivce6lj|دربارۀ دوره: در دنیای امروز، علم داده جایگاه بسیار مهمی در بسیاری از رشته‌های علمی و فنی-مهندسی به دست آورده و در پروژه‌های تحقیقاتی و تجاری/ مالی کاربرد اساسی ...
44|علم داده مقدماتی در پایتون - مدرسه دانش|https://scischool.ir/courses/%D8%B9%D9%84%D9%85-%D8%AF%D8%A7%D8%AF%D9%87-%D9%85%D9%82%D8%AF%D9%85%D8%A7%D8%AA%DB%8C-%D8%AF%D8%B1-%D9%BE%D8%A7%DB%8C%D8%AA%D9%88%D9%86/|علم داده یا data sience امکان تحلیل و بررسی و تصمیم گیری بر اساس اطلاعات فراوان که آنالیز آنها از طریق فردی امکان پذیر نیست را ایجاد میکند.برای سفارش پروژه های ...
45|انجام پروژه دیتا ساینس و استخدام متخصص علم داده - کارلنسر|https://www.karlancer.com/freelancer/skill/data-science|علم داده (Data Science) دانشی میان‌رشته‌ای پیرامون استخراج دانش و آگاهی از مجموعه‌ای داده و اطلاعات است. علم داده از ترکیب مباحث مختلفی به وجود آمده و بر ...
46|"دانلود و خرید کتاب علم داده | جان. دی کلهر | طاقچه"|https://taaghche.com/book/118224/%D8%B9%D9%84%D9%85-%D8%AF%D8%A7%D8%AF%D9%87|کتاب علم داده نوشتهٔ جان. دی کلهر و برندن تیرنی و ترجمهٔ امیررضا تجلی و امیرمحمد رمدانی و امیرعلی رمدانی است و انتشارات چاپ و نشر بازرگانی آن را منتشر کرده ...
47|دوره جامع علم داده - یک‌شنبه ۱ اسفند ۰۰ - ایوند|https://evand.com/events/datascience-buzzle|Esfand 1, 1400 AP —
48|رویداد «علم داده» در بندرعباس برگزار می‌شود - ایراسین|https://www.irasin.ir/news/21542/%D8%B1%D9%88%DB%8C%D8%AF%D8%A7%D8%AF-%D8%B9%D9%84%D9%85-%D8%AF%D8%A7%D8%AF%D9%87-%D8%AF%D8%B1-%D8%A8%D9%86%D8%AF%D8%B1%D8%B9%D8%A8%D8%A7%D8%B3-%D8%A8%D8%B1%DA%AF%D8%B2%D8%A7%D8%B1-%D9%85%DB%8C-%D8%B4%D9%88%D8%AF|Dey 28, 1400 AP —
49|مقایسه داده کاوی و علم داده - هم رویش|https://hamruyesh.com/difference-between-data-mining-and-data-science/|مقاله مقایسه داده کاوی و علم داده در مجله هم رویش منتشر شد - داده کاوی چیست - مراحل داده کاوی را نام ببرید - فرایند علم داده چیست ؟
50|معرفی آزمایشگاه علم داده - دانشگاه فردوسی مشهد|https://dslab.um.ac.ir/index.php/fa/2019-04-20-07-59-32|Data Science Lab. آزمایشگاه علم داده ها و به طور مختصر DSLab در حقیقت یک گروه تحقیقاتی در دانشکده علوم ریاضی دانشگاه فردوسی مشهد، ایران است که داده های در ...
51|مسیر تبدیل شدن به دانشمند علم داده - مرجع متخصصین علوم داده ایران|https://dataio.ir/how-to-become-a-data-scientist-euraffxx3v0w|مسیر تبدیل شدن به دانشمند علم داده. با توجه به افزایش توجهات به حوزه علم‌داده و سؤالات مطرح‌شده توسط علاقه‌مندان این حوزه، مسیر زیر جهت دستیابی به تخصص کافی ...
52|اولین سمینار علم داده ها و کاربرد آن|https://dsas.atu.ac.ir/|Esfand 15, 1399 AP —
53|رویداد Data Science - علم داده - دوره های آموزشی|https://pedu.sharif.edu/events/details/242|آموزش و آشنایی با علم داده که به صورت اخص به مباحث یادگیری ماشین می پردازد. این دوره به صورت تئوری و پیاده سازی طراحی شده است که از python برای پیاده سازیها ...
54|آموزش کامل علم داده با پایتون - مرجع آموزش هوش مصنوعی - بیگ لرن|https://biglearn.ir/product/%D8%A2%D9%85%D9%88%D8%B2%D8%B4-%D8%B9%D9%84%D9%85-%D8%AF%D8%A7%D8%AF%D9%87-%D8%A8%D8%A7-%D9%BE%D8%A7%DB%8C%D8%AA%D9%88%D9%86/|در واقع علوم داده رشته در حال ظهوری است که به جمع‌آوری، آماده‌سازی، تحلیل، بصری‌سازی، مدیریت و نگهداشت اطلاعات در حجم بالا می‌پردازد. متخصص علم داده دانشی ...
55|علم داده یا data science چیست؟ - پردیس فناوری کیش|http://ipcce.ir/data-science-%DB%8C%D8%A7-%D8%B9%D9%84%D9%85-%D8%AF%D8%A7%D8%AF%D9%87-%DA%86%DB%8C%D8%B3%D8%AA%D8%9F/|یکی از پر درآمد ترین شغل های جدید جهان متعلق به دانشمندان داده است در این مقاله بررسی میکنیم که علم داده یا Data Science چیست؟
56|آکادمی نخبگان مدرسه علم داده: صفحه اصلی|https://dsstalent.com/|نخبگان مدرسه علم داده در حوزه هایی مشاوره تدریس رویداد های دانشگاهی انجام پروژه های سازمانی علم داده هوش تجاری power bi یادگیری ماشینی.
57|آموزش «پایتون برای علم داده» - ایسنا|https://www.isna.ir/news/1400122116582/%D8%A2%D9%85%D9%88%D8%B2%D8%B4-%D9%BE%D8%A7%DB%8C%D8%AA%D9%88%D9%86-%D8%A8%D8%B1%D8%A7%DB%8C-%D8%B9%D9%84%D9%85-%D8%AF%D8%A7%D8%AF%D9%87|Esfand 21, 1400 AP —
58|علم داده - شرکت راهبران اطلاعات هوشمند نفیس گستر|https://nafisbi.com/%D8%B9%D9%84%D9%85-%D8%AF%D8%A7%D8%AF%D9%87/|Ordibehesht 30, 1396 AP —
59|انجمن علم داده دانشگاه کاشان (@uk_dsa) • Instagram photos and ...|https://www.instagram.com/uk_dsa/|1851 Followers, 1514 Following, 30 Posts - See Instagram photos and videos from انجمن علم داده دانشگاه کاشان (@uk_dsa)
60|"چگونه یک دانشمند علم داده شویم؟ | مسیر علم داده » بلاگ دیتاک"|https://dataak.com/blog/how-to-become-a-data-scientist/|Shahrivar 18, 1399 AP —
61|کاربرد علم داده در آموزش مهندسی شیمی|http://ijee.ias.ac.ir/article_128569.html|by لواسانی · 2021 —
62|علم داده ها - معنی در دیکشنری آبادیس|https://abadis.ir/fatofa/%D8%B9%D9%84%D9%85-%D8%AF%D8%A7%D8%AF%D9%87-%D9%87%D8%A7/|معنی علم داده ها - معانی، لغت نامه دهخدا، فرهنگ اسم ها، فرهنگ معین و عمید، مترادف و متضاد و ... در فرهنگ لغت آبادیس - برای مشاهده کلیک کنید.
63|مروری تحلیلی بر کاربردهای علم داده در حوزه علوم انسانی|https://civilica.com/doc/597423/|Farvardin 14, 1401 AP —
64|علم داده چیست و مسیر یادگیری آن چگونه است؟ - خبرگزاری تسنیم|https://www.tasnimnews.com/fa/news/1401/01/14/2689840/%D8%B9%D9%84%D9%85-%D8%AF%D8%A7%D8%AF%D9%87-%DA%86%DB%8C%D8%B3%D8%AA-%D9%88-%D9%85%D8%B3%DB%8C%D8%B1-%DB%8C%D8%A7%D8%AF%DA%AF%DB%8C%D8%B1%DB%8C-%D8%A2%D9%86-%DA%86%DA%AF%D9%88%D9%86%D9%87-%D8%A7%D8%B3%D8%AA|علم داده مفهومی برای یکپارچه‌سازی آمار، تحلیل داده، یادگیری ماشین و دیگر مفاهیم مرتبط تحت یک عنوان واحد است. این کار به منظور درک و تحلیل پدیده‌ها با استفاده از ...
65|علم داده چیست و مسیر یادگیری آن چگونه است؟ - خبرگزاری تسنیم|https://www.tasnimnews.com/fa/news/1401/01/14/2689840/%D8%B9%D9%84%D9%85-%D8%AF%D8%A7%D8%AF%D9%87-%DA%86%DB%8C%D8%B3%D8%AA-%D9%88-%D9%85%D8%B3%DB%8C%D8%B1-%DB%8C%D8%A7%D8%AF%DA%AF%DB%8C%D8%B1%DB%8C-%D8%A2%D9%86-%DA%86%DA%AF%D9%88%D9%86%D9%87-%D8%A7%D8%B3%D8%AA|Farvardin 14, 1401 AP —
66|علم داده یا data science چیست؟ - پردیس فناوری کیش|http://ipcce.ir/data-science-%DB%8C%D8%A7-%D8%B9%D9%84%D9%85-%D8%AF%D8%A7%D8%AF%D9%87-%DA%86%DB%8C%D8%B3%D8%AA%D8%9F/|یکی از پر درآمد ترین شغل های جدید جهان متعلق به دانشمندان داده است در این مقاله بررسی میکنیم که علم داده یا Data Science چیست؟
67|بایگانی‌های علم داده و مهندسی|https://petroleum.dabirbartar.ir/tag/%D8%B9%D9%84%D9%85-%D8%AF%D8%A7%D8%AF%D9%87-%D9%88-%D9%85%D9%87%D9%86%D8%AF%D8%B3%DB%8C/|کلیولند این رشته جدید را مرتبط با علوم کامپیوتر و داده‌کاوی می‌دانست. وی بر این باور بود که منافع استفاده از یک تحلیلگر داده محدود است. چون مهندسین کامپیوتر ...
68|مسیر تبدیل شدن به دانشمند علم داده - مرجع متخصصین علوم داده ایران|https://dataio.ir/how-to-become-a-data-scientist-euraffxx3v0w|مسیر تبدیل شدن به دانشمند علم داده. با توجه به افزایش توجهات به حوزه علم‌داده و سؤالات مطرح‌شده توسط علاقه‌مندان این حوزه، مسیر زیر جهت دستیابی به تخصص کافی ...
69|"دوره‌ی آموزش پایتون در علم داده | دانشکده مهندسی صنایع"|https://indust.iut.ac.ir/fa/%D8%AF%D9%88%D8%B1%D9%87%E2%80%8C%DB%8C-%D8%A2%D9%85%D9%88%D8%B2%D8%B4-%D9%BE%D8%A7%DB%8C%D8%AA%D9%88%D9%86-%D8%AF%D8%B1-%D8%B9%D9%84%D9%85-%D8%AF%D8%A7%D8%AF%D9%87|دوره‌ی آموزش پایتون درعلم داده شروع از مباحث مقدماتی+مباحث ویژه علم داده ✓ مدرس: مهندس علیرضا جعفری مدیراجرایی دپارتمان علوم داده و هوش تجاری دهکده جهانی ...
70|شرکت علم داده ارزیاب|https://arz-yab.com/|علوم نوین یادگیری ماشین، هوش مصنوعی و هوش تجاری در خدمت کسب و کار شما.
71|1- آشنایی با علم داده - آکادمی دایکه|https://academy.dayche.com/courses/what-is-data-science/|علم داده آنقدر گسترده است که عدم شناخت مناسب از ماهیت، ظرفیتها، ابعاد، رویکردها، زیرشاخه ها و مهارت های لازم برای هر کدام از آنها، ممکن است برای کسانی که ...
72|دوره آموزشی علم داده (Data Science) و کاربردهایش در صنعت نفت و ...|https://pgu.ac.ir/fa/announcements/1316|Esfand 4, 1400 AP —
73|(PDF) یادگیری ماشین و علم داده: مبانی، مفاهیم، الگوریتم‌ها و ابزارها|https://www.researchgate.net/publication/358263339_yadgyry_mashyn_w_lm_dadh_mbany_mfahym_algwrytmha_w_abzarha|Bahman 13, 1400 AP —
74|کتاب علم داده از تئوری تا عمل نسخه PDF - فیدیبو|https://fidibo.com/book/90164-%DA%A9%D8%AA%D8%A7%D8%A8-%D8%B9%D9%84%D9%85-%D8%AF%D8%A7%D8%AF%D9%87-%D8%AA%DB%8C%D9%88%D8%B1%DB%8C-%D8%AA%D8%A7-%D8%B9%D9%85%D9%84|خرید و دانلود کتاب علم داده از تئوری تا عمل اثر پرمان محمد علیزاده ، محمد جواد جعفری از موسسه فرهنگی هنری دیباگران تهران. اپلیکیشن فیدیبو، حس خوب کتاب ...
75|معرفی علم داده ها درVisual Studio - برنامه نویسان|https://barnamenevisan.org/Articles/Article5688.html|Bahman 17, 1395 AP —
76|نشست تخصصی کاربردآمار و علم داده ها در تحلیل داده های کرونا|https://arakmu.ac.ir/st-it/fa/news/22527/%D9%86%D8%B4%D8%B3%D8%AA-%D8%AA%D8%AE%D8%B5%D8%B5%DB%8C-%DA%A9%D8%A7%D8%B1%D8%A8%D8%B1%D8%AF%D8%A2%D9%85%D8%A7%D8%B1-%D9%88-%D8%B9%D9%84%D9%85-%D8%AF%D8%A7%D8%AF%D9%87-%D9%87%D8%A7-%D8%AF%D8%B1-%D8%AA%D8%AD%D9%84%DB%8C%D9%84-%D8%AF%D8%A7%D8%AF%D9%87-%D9%87%D8%A7%DB%8C-%DA%A9%D8%B1%D9%88%D9%86%D8%A7|Azar 22, 1400 AP —
77|علم داده - شرکت راهبران اطلاعات هوشمند نفیس گستر|https://nafisbi.com/%D8%B9%D9%84%D9%85-%D8%AF%D8%A7%D8%AF%D9%87/|Ordibehesht 30, 1396 AP —
78|علم داده در مهندسی صنایع+کاربردها - هلدینگ کاسپین|https://caspianec.ir/articles/engineering/%D8%B9%D9%84%D9%85-%D8%AF%D8%A7%D8%AF%D9%87-%D9%85%D9%87%D9%86%D8%AF%D8%B3%DB%8C-%D8%B5%D9%86%D8%A7%DB%8C%D8%B9/|Ordibehesht 11, 1400 AP —
79|راهنمای شروع کسب‌وکار در حوزه علم داده - Shanbemag.com|https://shanbemag.com/%D8%B9%D9%84%D9%85-%D8%AF%D8%A7%D8%AF%D9%87%D8%9B-%DA%A9%D8%B3%D8%A8%E2%80%8C%D9%88%E2%80%8C%DA%A9%D8%A7%D8%B1-%D9%88-%D9%81%D8%B1%D8%B5%D8%AA%E2%80%8C%D9%87%D8%A7%DB%8C-%D9%BE%DB%8C%D8%B4%E2%80%8C/|Aban 30, 1400 AP —
80|دیتا ساینس در کانادا ؛ از تحصیل تا اشتغال - موسسه مهاجرتی ...|https://trustimm.com/major/data-science-canada/|معرفی رشته علم داده در کانادا. رشته دیتاساینس (Data Science) یا همان علم داده یک گرایش بین‌رشته‌ای است که از روش‌ها، فرآیندها، الگوریتم‌ها و رویه‌های علمی ...
81|علم داده و تحلیل کسب و کار - موسسه عالی آموزش بانکداری ایران|https://www.ibi.ac.ir/news/2289-2022-01-05-11-07-52|Dey 15, 1400 AP —
82|چالشی ‌ترین مشکل تیم‌ های علم داده Data Science Team - پال نت|https://www.palnetgroup.ir/network/news/1851-%D8%AF%D8%A7%D8%AF%D9%87%E2%80%8C-%D9%87%D8%A7%DB%8C-%DA%A9%D8%AB%DB%8C%D9%81%D8%9B-%DA%86%D8%A7%D9%84%D8%B4%DB%8C-%E2%80%8C%D8%AA%D8%B1%DB%8C%D9%86-%D9%85%D8%B4%DA%A9%D9%84-%D8%AA%DB%8C%D9%85%E2%80%8C-%D9%87%D8%A7%DB%8C-%D8%B9%D9%84%D9%85-%D8%AF%D8%A7%D8%AF%D9%87-data-science-team.html|چگونه داده‌ های کثیف (Dirty Data) به چالشی ‌ترین مشکل تیم‌ های علم داده Data Science Team در شرکت های بزرگ و سازمان های عظیم بخش دولتی و خصوصی بدل می شود؟
83|متخصص علم داده (Data Science) شغلی پر آوازه در سال 2021|https://drchek.ir/data-science/|چگونه متخصص علم داده (Data Science) شویم؟ شهرت و محبوبیت حرفه علم داده هیچ زمان به اندازه امروزه نبوده است. به نحوی که در گزارش تجاری...
84|دوره آمار و علم داده - انجمن علمی مهندسی صنایع خواجه نصیر طوسی|https://www.iekntu.ir/courses/data-science-course/|متخصص علم داده باید آنقدر در کار خود مهارت داشته باشد که بتواند آنچه سبب برتری مشتری در بازار رقابت می‌شود را از داده‌ها بیرون بکشد. علم داده (Data Science) به ...
85|علم داده چیست؟ - کلینیک کسب و کار فرازتدبیر|https://faraztadbir.com/blog/industry/12172-%D8%B9%D9%84%D9%85-%D8%AF%D8%A7%D8%AF%D9%87-%DA%86%DB%8C%D8%B3%D8%AA%D8%9F.html|امروز علم داده به یکی از پر کاربرد ترین و جذاب ترین حوزه مهندسی صنایع تبدیل شده و من مایلم در اینجا برخی از نظراتم درباره‌ی اینکه علم داده چیست را با شما ...
86|کامل ترین دوره آموزش علم داده و یادگیری ماشین - یودمی ایران|https://udemyiran.com/product/%D8%AF%D9%88%D8%B1%D9%87-%D8%A2%D9%85%D9%88%D8%B2%D8%B4-%D8%B9%D9%84%D9%85-%D8%AF%D8%A7%D8%AF%D9%87/|علم داده یا Data Science رشته نوظهوری است که به جمع‌آوری، آماده‌سازی، تحلیل، بصری‌سازی، مدیریت و نگهداشت اطلاعات در حجم بالا می‌پردازد. دریسکول در سال ۲۰۱۴ علم ...
87|کتاب علم داده از تئوری تا عمل - مهندسی داده|http://www.bigdata.ir/%DA%A9%D8%AA%D8%A7%D8%A8%D8%AE%D8%A7%D9%86%D9%87/%DA%A9%D8%AA%D8%A7%D8%A8-%D8%B9%D9%84%D9%85-%D8%AF%D8%A7%D8%AF%D9%87-%D8%A7%D8%B2-%D8%AA%D8%A6%D9%88%D8%B1%DB%8C-%D8%AA%D8%A7-%D8%B9%D9%85%D9%84/|علم داده به داده‌کاوی، یادگیری ماشین و کلان داده مربوط می‌شود. متخصصان علوم داده، نه فقط در فن‌آوری، بلکه تقریباً در هر سازمان و حوزه‌ای مورد نیاز هستند. در ...
88|استخدام کارآموز علم داده (Data Scientist) در ایرانسل - تلنت کوچ|https://irancell.talentcoach.ir/internship-opportunities/3016|Esfand 12, 1400 AP —
89|Mini MBA کاربرد علم داده در مالی و کسب‌وکارها (سطح یک)|https://www.ifc.ir/233|"وبینارهای هفتگی آزمایشگاه نوآوری علم داده. | تاریخ ارسال: ۱۴۰۰/۹/۴ |. وبینارهای هفتگی آزمایشگاه نوآوری علم داده دانشگاه صنعتی امیرکبیر ..."
90|وبینارهای هفتگی آزمایشگاه نوآوری علم داده - دانشگاه صنعتی ...|https://aut.ac.ir/content/9786/|Bahman 3, 1399 AP —
91|آموزش علم داده - اصول و ورود به علم داده - رسانه آموزشی لیموناد|https://www.limoonad.com/course/194632/%D8%A2%D9%85%D9%88%D8%B2%D8%B4-%D8%B9%D9%84%D9%85-%D8%AF%D8%A7%D8%AF%D9%87-%D8%A7%D8%B5%D9%88%D9%84-%D9%88-%D9%88%D8%B1%D9%88%D8%AF-%D8%A8%D9%87-%D8%B9%D9%84%D9%85-%D8%AF%D8%A7%D8%AF%D9%87|*تمایز ما، انتقال مفاهیم بین رشته ای به محصولات داده محور و محیط کاری چابک است. از این رو اعضای تیم علم داده در زمینه علوم کامپیوتر، مصورسازی، ریاضی، آمار و ...
92|کتاب اصول و روشهاي يادگيري علم داده - الهام نظري - انتشارات ...|https://www.pendarepars.com/book/%DA%A9%D8%AA%D8%A7%D8%A8-%D8%A7%D8%B5%D9%88%D9%84-%D9%88-%D8%B1%D9%88%D8%B4%D9%87%D8%A7%D9%8A-%D9%8A%D8%A7%D8%AF%DA%AF%D9%8A%D8%B1%D9%8A-%D8%B9%D9%84%D9%85-%D8%AF%D8%A7%D8%AF%D9%87|Farvardin 15, 1401 AP —
93|علم داده (Data science) و آینده ابزارهای تجسم - صفحه اصلی - همراه ...|https://vistacompany.ir/%D8%B9%D9%84%D9%85-%D8%AF%D8%A7%D8%AF%D9%87-data-science-%D9%88-%D8%A2%DB%8C%D9%86%D8%AF%D9%87-%D8%A7%D8%A8%D8%B2%D8%A7%D8%B1%D9%87%D8%A7%DB%8C-%D8%AA%D8%AC%D8%B3%D9%85/|Mehr 8, 1400 AP —
94|Python در علم داده - معاونت آموزشی|https://amirkabir.jde.ir/fa/news/2055/python-%D8%AF%D8%B1-%D8%B9%D9%84%D9%85-%D8%AF%D8%A7%D8%AF%D9%87|Dey 10, 1400 AP —
95|"علم داده - SID.ir | جستجوی مقالات"|https://www.sid.ir/fa/journal/SearchPaperlight.aspx?str=%D8%B9%D9%84%D9%85%20%D8%AF%D8%A7%D8%AF%D9%87|نمایه مقالات علمی پژوهشی کشور و امکان دانلود رایگان متن کامل مقالات در تارگاه مرکز اطلاعات علمی جهاد دانشگاهی.
96|علم داده یا دیتا ساینس چیست - کاربردهای علم داده و مزایای استفاده ...|https://www.enline.ir/computer-engineering/%D8%B9%D9%84%D9%85-%D8%AF%D8%A7%D8%AF%D9%87/|Khordad 10, 1399 AP —
97|وبینار علم داده - آکادمی کادیک|https://kadik.ir/academy/product/%D9%88%D8%A8%DB%8C%D9%86%D8%A7%D8%B1-%D8%B9%D9%84%D9%85-%D8%AF%D8%A7%D8%AF%D9%87/|در وبینار علم داده به بیان دکتر یاسر زره ساز به تفضیل راجع به آنچه یک مهندس علم داده باید در آن مهارت بدست آورد تا به منظور درک و تحلیل پدیده‌ها با استفاده ...
98|دانشمند علم داده چه تفاوت هایی با متخصصین آمار- ریاضی و برنامه ...|https://rahbarbazaar.com/difference-between-data-scientists-and-statisticians/|Mehr 5, 1399 AP —
99|علم داده و مهارت های آن - نقشه اینترنت اشیا ایران|https://iotmap.ir/data-science-and-its-skills/|Mordad 6, 1398 AP —
100|"Data Science | مجتمع انفورماتیک بین الملل"|https://i3center.com/course/Data-Science|دوره تخصص علم داده و مبحث داده کاوی آموزش در مشهد dataMining آموزش روش شناسایی علم داده یادگیری ماشین هدوپ و پایتون تحلیل big Data.
101|علم داده (Data Science) چیست؟ اسمارتویا|https://smartovia.ir/%D8%B9%D9%84%D9%85-%D8%AF%D8%A7%D8%AF%D9%87-data-science/|Esfand 8, 1400 AP —
102|"علم داده چیست؟ | ?What is Data Science | نمودار | آژانس مدیریت داده"|https://www.nemoudar.com/blog/what-is-data-science/|Tir 3, 1399 AP —
103|استفاده از علم داده چگونه کسب‌وکارها را متحول می‌کند؟ - راه پرداخت|https://way2pay.ir/251958/|Azar 20, 1400 AP —
104|"علوم داده Data Science | علم داده چیست؟ (آمار، هوش مصنوعی"|https://programstore.ir/%D8%B9%D9%84%D9%88%D9%85-%D8%AF%D8%A7%D8%AF%D9%87-data-science/|Bahman 10, 1398 AP —
105|گزارش جدید شرکت Kaggle از وضعیت علم داده و یادگیری ماشینی|https://irfinance.ir/blog/%D8%B9%D9%84%D9%85-%D8%AF%D8%A7%D8%AF%D9%87/|Aban 23, 1400 AP —
106|علم داده چیست؟ - مرکز تعالی صنایع هوشمند ایران|https://iri4.ir/%D8%B9%D9%84%D9%85-%D8%AF%D8%A7%D8%AF%D9%87-%DA%86%DB%8C%D8%B3%D8%AA%D8%9F/|Dey 24, 1399 AP —
107|از صفر تا استخدام در مشاغل حوزه علم داده — راهنمای کاربردی|https://matlabsite.com/10491/from-zero-to-employment-data-science.html|Esfand 22, 1397 AP —
108|بایگانی‌های علم داده در پروژه|https://robinproject.ir/tag/%D8%B9%D9%84%D9%85-%D8%AF%D8%A7%D8%AF%D9%87-%D8%AF%D8%B1-%D9%BE%D8%B1%D9%88%DA%98%D9%87|علم داده‌ یا دیتا ساینس (Data Science) از جمله موضوعات روز دنیا است که بر مبنای تحلیل دیتا بیس های بزرگ شکل گرفته است. این حوزه اساسا متکی به داده و رفتار های ...
109|یادگیری ماشین و علم داده: مبانی، مفاهیم، الگوریتم‌ها و ابزارها - arXiv|https://arxiv.org/pdf/2202.05163|by M Vazan · 2022 —
110|مقایسه علم هوش تجاری و علم داده + تفاوت آن ها چیست؟ - نگارگران ...|https://nor.co.ir/blog/data-science-vs-business-intelligence/|Dey 6, 1399 AP —
111|اخبار علم داده - قطره|https://www.ghatreh.com/news/tag/115383-%D8%B9%D9%84%D9%85%20%D8%AF%D8%A7%D8%AF%D9%87/0/20|استخدام کارشناس علم داده در شرکت سریع ترابر ماهان در تهران استخدام شرکت سریع ترابر ماهانشرکت سریع ترابر ماهان در تهران (منطقه 9، فتح) جهت تکمیل کادر خود از ...
112|دپارتمان علم داده - مرکز مطالعات مهندسی فرآیند دانشگاه تهران|https://utperm.com/%D8%AF%D9%BE%D8%A7%D8%B1%D8%AA%D9%85%D8%A7%D9%86-%D8%B9%D9%84%D9%85-%D8%AF%D8%A7%D8%AF%D9%87/|دپارتمان علم داده ... در حال بروزرسانی …. کاربر. ناحیه کاربری. ورود به حساب ثبت نام در سایت ...
113|دیجی‌کالا کاپ با محوریت علم داده ۲۱ شهریور برگزار می‌شود - زومیت|https://www.zoomit.ir/tech-iran/362101-digikala-competition-data-science/|Shahrivar 15, 1399 AP —
114|قیمت و خرید کتاب علم داده از تئوری تا عمل اثر محمد جواد جعفری|https://www.digikala.com/product/dkp-268086/%DA%A9%D8%AA%D8%A7%D8%A8-%D8%B9%D9%84%D9%85-%D8%AF%D8%A7%D8%AF%D9%87-%D8%A7%D8%B2-%D8%AA%D8%A6%D9%88%D8%B1%DB%8C-%D8%AA%D8%A7-%D8%B9%D9%85%D9%84-%D8%A7%D8%AB%D8%B1-%D9%85%D8%AD%D9%85%D8%AF-%D8%AC%D9%88%D8%A7%D8%AF-%D8%AC%D8%B9%D9%81%D8%B1%DB%8C|خرید اینترنتی کتاب علم داده از تئوری تا عمل اثر محمد جواد جعفری و قیمت انواع کتاب علوم کاربردی، تکنولوژی و مهندسی دیباگران تهران از فروشگاه آنلاین دیجی‌کالا ...
115|پژوهشکده آمار با همکاری دانشگاه علامه طباطبایی اولین سمینار ...|https://srtc.ac.ir/News/ID/6627/%D9%BE%DA%98%D9%88%D9%87%D8%B4%DA%A9%D8%AF%D9%87-%D8%A2%D9%85%D8%A7%D8%B1-%D8%A8%D8%A7-%D9%87%D9%85%DA%A9%D8%A7%D8%B1%DB%8C-%D8%AF%D8%A7%D9%86%D8%B4%DA%AF%D8%A7%D9%87-%D8%B9%D9%84%D8%A7%D9%85%D9%87-%D8%B7%D8%A8%D8%A7%D8%B7%D8%A8%D8%A7%DB%8C%DB%8C-%D8%A7%D9%88%D9%84%DB%8C%D9%86-%D8%B3%D9%85%DB%8C%D9%86%D8%A7%D8%B1-%D8%AA%D8%AE%D8%B5%D8%B5%DB%8C-%D8%B9%D9%84%D9%85-%D8%AF%D8%A7%D8%AF%D9%87-%D9%87%D8%A7-%D9%88-%DA%A9%D8%A7%D8%B1%D8%A8%D8%B1%D8%AF%D9%87%D8%A7%DB%8C-%D8%A2%D9%86-%D8%B1%D8%A7-%D8%A8%D8%B1%DA%AF%D8%B2%D8%A7%D8%B1-%D9%85%DB%8C-%DA%A9%D9%86%D8%AF|"پژوهشکده آمار با همکاری دانشگاه علامه طباطبایی اولین سمینار تخصصی ""علم داده ها و کاربردهای آن"" را برگزار می کند. مراسم این نشست تخصصی، ساعت 19-17 روز ..."
116|علم داده - شرکت تصمیم‌یار حامی پویا|https://www.tasmimyar.ir/%D8%B9%D9%84%D9%85-%D8%AF%D8%A7%D8%AF%D9%87/|Khordad 26, 1399 AP —
117|چرا علم داده در حوزه بهداشت و درمان مورد استفاده قرار می‌گیرد؟ - مجله ...|https://www.majalesalamat.com/advertorial/science-health-nikamooz/|Shahrivar 15, 1400 AP —
118|بایگانی‌های علم داده - Data Experts|https://dataexperts.ir/category/data-sci/|علم ماشین لرنینگ می تواند به یک نرم افزار قدرتی دهد که نرم افزار با استفاده از تجربیاتی که دارد یا بهتر است بگوییم نرم افزار با دانشی که دارد بتواند بعضی از ...
119|"علم داده | لایه‌های مخفی یک داده پرت"|https://www.outlier.ir/category/%D8%A2%D9%85%D9%88%D8%B2%D8%B4/%D8%B9%D9%84%D9%85-%D8%AF%D8%A7%D8%AF%D9%87/|این قسمت ششم از آموزش‌ مفاهیم ریاضی پشت ماشین‌های بردار پشتیبان است. در این پست درباره دوگان، مسأله‌های بهینه‌سازی و ضریب‌های لاگرانژ یاد می‌گیریم.
120|معرفی زمینه های کاربردی علم داده در علوم پزشکی و مراقبت های ...|http://www.irantelemed.ir/NewsDetails.aspx?id=4867|علم داده می‌تواند هزینه‌های سنگین علوم پزشکی و مراقبت‌های بهداشتی را با بکارگیری حجم عظیم داده‌های موجود و تحلیل و استخراج اطلاعات مفید از این داده‌ها، بهبود ...
121|چگونه از علم داده در فروش استفاده کنیم؟ - Data Science|https://simulatoran.com/fa/how-is-data-science-used-in-sales/|Mordad 27, 1400 AP —
122|متخصص علم داده یا دانشمند داده کیست؟ - کارساز|https://karsaz.app/blog/%D9%85%D8%AA%D8%AE%D8%B5%D8%B5-%D8%B9%D9%84%D9%85-%D8%AF%D8%A7%D8%AF%D9%87-%DB%8C%D8%A7-%D8%AF%D8%A7%D9%86%D8%B4%D9%85%D9%86%D8%AF-%D8%AF%D8%A7%D8%AF%D9%87-%DA%A9%DB%8C%D8%B3%D8%AA/|Khordad 26, 1400 AP —
123|علم داده برای دادۀ علمی: شرحی بر اصول تحلیل های رایانشی داده های ...|https://www.ihcs.ac.ir/tarheeatela/fa/news/20951/%D8%B9%D9%84%D9%85-%D8%AF%D8%A7%D8%AF%D9%87-%D8%A8%D8%B1%D8%A7%DB%8C-%D8%AF%D8%A7%D8%AF%DB%80-%D8%B9%D9%84%D9%85%DB%8C-%D8%B4%D8%B1%D8%AD%DB%8C-%D8%A8%D8%B1-%D8%A7%D8%B5%D9%88%D9%84-%D8%AA%D8%AD%D9%84%DB%8C%D9%84-%D9%87%D8%A7%DB%8C-%D8%B1%D8%A7%DB%8C%D8%A7%D9%86%D8%B4%DB%8C-%D8%AF%D8%A7%D8%AF%D9%87-%D9%87%D8%A7%DB%8C-%D9%85%D9%86%D8%AF%D8%B1%D8%AC-%D8%AF%D8%B1-%D9%85%D8%B3%D8%AA%D9%86%D8%AF%D8%A7%D8%AA-%D8%B9%D9%84%D9%85%DB%8C|Khordad 9, 1400 AP —
124|کتاب علم داده از تئوری تا عمل [چ1] - گیسوم|https://www.gisoom.com/book/11305062/%DA%A9%D8%AA%D8%A7%D8%A8-%D8%B9%D9%84%D9%85-%D8%AF%D8%A7%D8%AF%D9%87-%D8%A7%D8%B2-%D8%AA%D8%A6%D9%88%D8%B1%DB%8C-%D8%AA%D8%A7-%D8%B9%D9%85%D9%84/|Mordad 18, 1400 AP —
125|"وبینار ""مروری تحلیلی بر کاربردهای علم داده در حوزه علوم پایه و ..."|https://www.amar.org.ir/news/ID/15745/%D9%88%D8%A8%DB%8C%D9%86%D8%A7%D8%B1-%D9%85%D8%B1%D9%88%D8%B1%DB%8C-%D8%AA%D8%AD%D9%84%DB%8C%D9%84%DB%8C-%D8%A8%D8%B1-%DA%A9%D8%A7%D8%B1%D8%A8%D8%B1%D8%AF%D9%87%D8%A7%DB%8C-%D8%B9%D9%84%D9%85-%D8%AF%D8%A7%D8%AF%D9%87-%D8%AF%D8%B1-%D8%AD%D9%88%D8%B2%D9%87-%D8%B9%D9%84%D9%88%D9%85-%D9%BE%D8%A7%DB%8C%D9%87-%D9%88-%D9%85%D9%87%D9%86%D8%AF%D8%B3%DB%8C|نگرش های معنادار به شرکت های علوم داده کمک می کند تا اطلاعات را در مقیاس وسیع، تجزیه و تحلیل کرده و استراتژی های لازم جهت تصمیم گیری را بکار گیرند. فرایند تصمیم ...
126|"علم داده و نقش آن در کسب و کارها | خدمات اختصاصی شیرپوینت"|https://numano.ir/%D8%B9%D9%84%D9%85-%D8%AF%D8%A7%D8%AF%D9%87-%D9%88-%D9%86%D9%82%D8%B4-%D8%A2%D9%86-%D8%AF%D8%B1-%DA%A9%D8%B3%D8%A8-%D9%88-%DA%A9%D8%A7%D8%B1%D9%87%D8%A7/|Aban 12, 1399 AP —
127|"تحصیل در رشته علم داده در انگلستان | مای‌آرمان - آرمان من"|https://myarman.com/all-articles/uk/subject-guides/nw606/%D8%AA%D8%AD%D8%B5%DB%8C%D9%84-%D8%AF%D8%B1-%D8%B1%D8%B4%D8%AA%D9%87-%D8%B9%D9%84%D9%85-%D8%AF%D8%A7%D8%AF%D9%87-%D8%AF%D8%B1-%D8%A7%D9%86%DA%AF%D9%84%D8%B3%D8%AA%D8%A7%D9%86/|معادل انگلیسی علم داده، دانستنی های اطلاعات، مهارت فهم اطلاعات. مهندسی كامپيوتر و IT. علم داده، دانستنی های اطلاعات، مهارت فهم اطلاعات. data science.
128|معادل انگلیسی علم داده، دانستنی های اطلاعات، مهارت فهم اطلاعات|http://barsadic.com/W?fid=9781|Ordibehesht 1, 1398 AP —
129|علم داده چیست؟ - مهندسی صنایع|https://sanaaie.ir/2019/04/21/post-103904/%D8%B9%D9%84%D9%85-%D8%AF%D8%A7%D8%AF%D9%87-%DA%86%DB%8C%D8%B3%D8%AA%D8%9F/|Azar 20, 1400 AP —
130|"ریاضی در علم داده چقدر مورد نیاز است و چه کاربردهایی دارد؟ | هوشیو"|https://hooshio.com/%D8%B1%DB%8C%D8%A7%D8%B6%DB%8C-%D8%AF%D8%B1-%D8%B9%D9%84%D9%85-%D8%AF%D8%A7%D8%AF%D9%87-%DA%86%D9%82%D8%AF%D8%B1-%D9%85%D9%88%D8%B1%D8%AF-%D9%86%DB%8C%D8%A7%D8%B2-%D8%A7%D8%B3%D8%AA/|پازل علم داده را می‌توان به سه بخش هوش مصنوعی، کلان داده و داده کاوی تقسیم نمود اگرچه به‌طور پیچیده‌ای به یکدیگر گره خورده‌اند.
131|اجزا و ماهیت علم داده در یک نگاه - مجله داده‌ کاوان|https://dadekavan.ir/blog/%D8%AF%D8%A7%D8%AF%D9%87-%DA%A9%D8%A7%D9%88%DB%8C-%DA%86%DB%8C%D8%B3%D8%AA-%D8%A7%D8%AC%D8%B2%D8%A7%DB%8C-%D8%B9%D9%84%D9%85-%D8%AF%D8%A7%D8%AF%D9%87/amp/|Shahrivar 25, 1397 AP —
132|"کاملترین دوره آموزش علم داده | Data Science قسمت 01: معرفی دوره"|https://dba.tosinso.com/fa/videos/9665/%DA%A9%D8%A7%D9%85%D9%84%D8%AA%D8%B1%DB%8C%D9%86-%D8%AF%D9%88%D8%B1%D9%87-%D8%A2%D9%85%D9%88%D8%B2%D8%B4-%D8%B9%D9%84%D9%85-%D8%AF%D8%A7%D8%AF%D9%87-_-Data-Science-%D9%82%D8%B3%D9%85%D8%AA-01-%D9%85%D8%B9%D8%B1%D9%81%DB%8C-%D8%AF%D9%88%D8%B1%D9%87|Azar 1, 1399 AP —
133|"فرصت های شغلی علم داده | دیپ تیپ"|http://deeptip.ir/data-science-job-opportunities-in-the-job-market/|Shahrivar 24, 1399 AP —
134|کارگاه آموزشی مقدماتی علم داده و داده کاوی|https://cedmt.kntu.ac.ir/courses/%DA%A9%D8%A7%D8%B1%DA%AF%D8%A7%D9%87-%D8%A2%D9%85%D9%88%D8%B2%D8%B4%DB%8C-%D9%85%D9%82%D8%AF%D9%85%D8%A7%D8%AA%DB%8C-%D8%B9%D9%84%D9%85-%D8%AF%D8%A7%D8%AF%D9%87-%D9%88-%D8%AF%D8%A7%D8%AF%D9%87-%DA%A9/|علوم مختلف علم داده چیست؟ شغلهای مرتبط با علم داده چیست؟ داده‌کاوی چیست؟ چرا داده‌کاوی نیاز است؟ چه موقع و کجا داده‌کاوی نیاز است؟ بخش دوم : روشهای داده کاوی.
135|نگاهی گذرا به علم داده (Data Science) و اهمیت آن - Magiran|https://www.magiran.com/article/4093534|Shahrivar 30, 1399 AP —
136|9 تفاوت مهم داده کاوی(data mining) و علم داده(data science)|http://modirmart.com/9-%D8%AA%D9%81%D8%A7%D9%88%D8%AA-%D8%AF%D8%A7%D8%AF%D9%87-%DA%A9%D8%A7%D9%88%DB%8C-%D8%A8%D8%A7-%D8%B9%D9%84%D9%85-%D8%AF%D8%A7%D8%AF%D9%87/|Aban 14, 1398 AP —
137|"پکیج جامع علم داده با پایتون | دانش خود را به راحتی افزایش دهید"|https://danup.ir/courses/data-science-with-python/|Shahrivar 10, 1397 AP —
138|"برگزاری دوره Data Science - علم داده | laitec.ir"|https://laitec.ir/posts/show/xkDaMDjeJr/%D8%A8%D8%B1%DA%AF%D8%B2%D8%A7%D8%B1%DB%8C-%D8%AF%D9%88%D8%B1%D9%87-Data-Science---%D8%B9%D9%84%D9%85-%D8%AF%D8%A7%D8%AF%D9%87|Esfand 23, 1400 AP —
139|"برگزاری وب‌سمینار علم داده توسط آکادمی ایرانسل | TABNAK"|https://www.tabnak.ir/fa/news/1109486/%D8%A8%D8%B1%DA%AF%D8%B2%D8%A7%D8%B1%DB%8C-%D9%88%D8%A8%E2%80%8C%D8%B3%D9%85%DB%8C%D9%86%D8%A7%D8%B1-%D8%B9%D9%84%D9%85-%D8%AF%D8%A7%D8%AF%D9%87-%D8%AA%D9%88%D8%B3%D8%B7-%D8%A2%DA%A9%D8%A7%D8%AF%D9%85%DB%8C-%D8%A7%DB%8C%D8%B1%D8%A7%D9%86%D8%B3%D9%84|دوره آموزش کتابخانه علم داده پایتون - بیگ دیتا و داده کاوی. آموزش کاربردی و پروژه محور مناسب استخدام، مهاجرت و فعالیت فریلنسری پایتون.
140|دوره آموزش پایتون برای علم داده - علوم نوین امیرکبیر|https://amirkabir-science.com/courses/python-course-data-science/|Aban 9, 1399 AP —
141|آشنایی با ابزارهای علم داده در قالبی طنز! - Data + Science|https://dataplusscience.ir/394/%D8%A2%D8%B4%D9%86%D8%A7%DB%8C%DB%8C-%D8%A8%D8%A7-%D8%A7%D8%A8%D8%B2%D8%A7%D8%B1%D9%87%D8%A7%DB%8C-%D8%B9%D9%84%D9%85-%D8%AF%D8%A7%D8%AF%D9%87-%D8%AF%D8%B1-%D9%82%D8%A7%D9%84%D8%A8%DB%8C-%D8%B7%D9%86/|Azar 2, 1398 AP —
142|ایرانداک: پژوهشگاه علوم و فناوری اطلاعات ایران|https://irandoc.ac.ir/|پژوهشگاه علوم و فناوری اطلاعات ایران (ایرانداک) کانون پژوهش‌ و‌ آموزش در علوم و فناوری اطلاعات ، مدیریت دانش ،‌ و پشتیبانی از سیاست گذاری علم و فناوری است.
143|"اختتام طرح پژوهشی ""بکارگیری معماری سرویس توزیع داده در زیر ..."|https://www.sbu.ac.ir/fa/w/shokrollahi?redirect=%2F|5 days ago —
144|پایتون در چه زمینه هایی کاربرد دارد؟ - خبر آزاد|https://www.khabareazad.com/%D8%A8%D8%AE%D8%B4-%D8%A8%D8%AF%D9%88%D9%86-%D8%AA%D8%A8%D9%84%DB%8C%D8%BA-74/19202-%D9%BE%D8%A7%DB%8C%D8%AA%D9%88%D9%86-%D8%AF%D8%B1-%DA%86%D9%87-%D8%B2%D9%85%DB%8C%D9%86%D9%87-%D9%87%D8%A7%DB%8C%DB%8C-%DA%A9%D8%A7%D8%B1%D8%A8%D8%B1%D8%AF-%D8%AF%D8%A7%D8%B1%D8%AF|در این زمینه شما در واقع با استفاده از داده ها می توانید برنامه های گرافیکی تولید کنید، از ... کاربرد پایتون در علم داده جواب خودش را به خوبی پس داده است.
145|اردوغان: بحران های جهانی فرصت مهمی به ترکیه داده است - ایرنا|https://www.irna.ir/news/84749826/%D8%A7%D8%B1%D8%AF%D9%88%D8%BA%D8%A7%D9%86-%D8%A8%D8%AD%D8%B1%D8%A7%D9%86-%D9%87%D8%A7%DB%8C-%D8%AC%D9%87%D8%A7%D9%86%DB%8C-%D9%81%D8%B1%D8%B5%D8%AA-%D9%85%D9%87%D9%85%DB%8C-%D8%A8%D9%87-%D8%AA%D8%B1%DA%A9%DB%8C%D9%87-%D8%AF%D8%A7%D8%AF%D9%87-%D8%A7%D8%B3%D8%AA|13 hours ago —
146|هشدار انجمن تهران در واکنش به «برخورد وحشیانه» در دانشکده علوم ...|http://www.ensafnews.com/345480/%D9%87%D8%B4%D8%AF%D8%A7%D8%B1-%D8%A7%D9%86%D8%AC%D9%85%D9%86-%D8%AA%D9%87%D8%B1%D8%A7%D9%86-%D8%AF%D8%B1-%D9%88%D8%A7%DA%A9%D9%86%D8%B4-%D8%A8%D9%87-%D8%A8%D8%B1%D8%AE%D9%88%D8%B1%D8%AF-%D9%88/|1 day ago —
147|در بازنگری برنامه اصفهان ۱۴۰۵ به منشور شورا اولویت داده شود - ایمنا|https://www.imna.ir/news/574247/%D8%AF%D8%B1-%D8%A8%D8%A7%D8%B2%D9%86%DA%AF%D8%B1%DB%8C-%D8%A8%D8%B1%D9%86%D8%A7%D9%85%D9%87-%D8%A7%D8%B5%D9%81%D9%87%D8%A7%D9%86-%DB%B1%DB%B4%DB%B0%DB%B5-%D8%A8%D9%87-%D9%85%D9%86%D8%B4%D9%88%D8%B1-%D8%B4%D9%88%D8%B1%D8%A7-%D8%A7%D9%88%D9%84%D9%88%DB%8C%D8%AA-%D8%AF%D8%A7%D8%AF%D9%87-%D8%B4%D9%88%D8%AF|2 days ago —
148|برای رسیدن به ایران قوی راهی جز تمسک به علم و دانش وجود ندارد|https://dolat.ir/detail/386155|3 days ago —
149|وقتی ملکه علوم در جذب متقاضی طرفداری ندارد - ایران اکونومیست|https://iraneconomist.com/fa/news/432572/%D9%88%D9%82%D8%AA%DB%8C-%D9%85%D9%84%DA%A9%D9%87-%D8%B9%D9%84%D9%88%D9%85-%D8%AF%D8%B1-%D8%AC%D8%B0%D8%A8-%D9%85%D8%AA%D9%82%D8%A7%D8%B6%DB%8C-%D8%B7%D8%B1%D9%81%D8%AF%D8%A7%D8%B1%DB%8C-%D9%86%D8%AF%D8%A7%D8%B1%D8%AF|4 hours ago —
150|خوردن سر وقت غذا عمر را افزایش می‌دهد - خبرگزاری آنا|https://www.ana.press/news/658273/%D8%AE%D9%88%D8%B1%D8%AF%D9%86-%D8%B3%D8%B1-%D9%88%D9%82%D8%AA-%D8%BA%D8%B0%D8%A7-%D8%B9%D9%85%D8%B1-%D8%B1%D8%A7-%D8%A7%D9%81%D8%B2%D8%A7%DB%8C%D8%B4-%D9%85%DB%8C-%D8%AF%D9%87%D8%AF|19 hours ago —
151|گفتگو با خانواده شهید دارایی؛ بعد از شهادتش فهمیدیم که چه ...|https://shahraranews.ir/fa/news/108062/%DA%AF%D9%81%D8%AA%DA%AF%D9%88-%D8%A8%D8%A7-%D8%AE%D8%A7%D9%86%D9%88%D8%A7%D8%AF%D9%87%C2%A0%D8%B4%D9%87%DB%8C%D8%AF-%D8%AF%D8%A7%D8%B1%D8%A7%DB%8C%DB%8C-%D8%A8%D8%B9%D8%AF-%D8%A7%D8%B2-%D8%B4%D9%87%D8%A7%D8%AF%D8%AA%D8%B4-%D9%81%D9%87%D9%85%DB%8C%D8%AF%DB%8C%D9%85-%DA%A9%D9%87-%DA%86%D9%87-%DA%A9%D8%A7%D8%B1%E2%80%8C%D9%87%D8%A7%DB%8C-%D8%AE%DB%8C%D8%B1%DB%8C-%D8%AF%D8%B1-%D9%85%D8%B4%D9%87%D8%AF-%D8%A7%D9%86%D8%AC%D8%A7%D9%85-%D8%AF%D8%A7%D8%AF%D9%87-%D8%A7%D8%B3%D8%AA|2 days ago —
152|تاکید بر توسعه پارک‌های علم و فناوری و شرکت‌های دانش بنیان|https://www.iribnews.ir/fa/news/3441666/%D8%AA%D8%A7%DA%A9%DB%8C%D8%AF-%D8%A8%D8%B1-%D8%AA%D9%88%D8%B3%D8%B9%D9%87-%D9%BE%D8%A7%D8%B1%DA%A9%E2%80%8C%D9%87%D8%A7%DB%8C-%D8%B9%D9%84%D9%85-%D9%88-%D9%81%D9%86%D8%A7%D9%88%D8%B1%DB%8C-%D9%88-%D8%B4%D8%B1%DA%A9%D8%AA%E2%80%8C%D9%87%D8%A7%DB%8C-%D8%AF%D8%A7%D9%86%D8%B4-%D8%A8%D9%86%DB%8C%D8%A7%D9%86|4 hours ago —
153|"تکمیل 95 درصدی داده های پایگاه رفاه ایرانیان | خبرگزاری فارس"|https://www.farsnews.ir/news/14010217001022/%D8%AA%DA%A9%D9%85%DB%8C%D9%84-95-%D8%AF%D8%B1%D8%B5%D8%AF%DB%8C-%D8%AF%D8%A7%D8%AF%D9%87-%D9%87%D8%A7%DB%8C-%D9%BE%D8%A7%DB%8C%DA%AF%D8%A7%D9%87-%D8%B1%D9%81%D8%A7%D9%87-%D8%A7%DB%8C%D8%B1%D8%A7%D9%86%DB%8C%D8%A7%D9%86|5 days ago —
154|سهم بخش کشاورزی از شرکت های دانش بنیان فقط چهار درصد است|https://www.mehrnews.com/news/5487423/%D8%B3%D9%87%D9%85-%D8%A8%D8%AE%D8%B4-%DA%A9%D8%B4%D8%A7%D9%88%D8%B1%D8%B2%DB%8C-%D8%A7%D8%B2-%D8%B4%D8%B1%DA%A9%D8%AA-%D9%87%D8%A7%DB%8C-%D8%AF%D8%A7%D9%86%D8%B4-%D8%A8%D9%86%DB%8C%D8%A7%D9%86-%D9%81%D9%82%D8%B7-%DA%86%D9%87%D8%A7%D8%B1-%D8%AF%D8%B1%D8%B5%D8%AF-%D8%A7%D8%B3%D8%AA|23 hours ago —
155|علم به روش فاینمن - جام جم|https://jamejamonline.ir/fa/news/1365552/%D8%B9%D9%84%D9%85-%D8%A8%D9%87-%D8%B1%D9%88%D8%B4-%D9%81%D8%A7%DB%8C%D9%86%D9%85%D9%86|1 day ago —
156|ضرورت احداث پارک علم و فناوری در سبزوار - خبرگزاری دانا|http://danakhabar.com/fa/news/1283342/%D8%B6%D8%B1%D9%88%D8%B1%D8%AA-%D8%A7%D8%AD%D8%AF%D8%A7%D8%AB-%D9%BE%D8%A7%D8%B1%DA%A9-%D8%B9%D9%84%D9%85-%D9%88-%D9%81%D9%86%D8%A7%D9%88%D8%B1%DB%8C-%D8%AF%D8%B1-%D8%B3%D8%A8%D8%B2%D9%88%D8%A7%D8%B1|2 hours ago —
157|دولت مصمم است در مسیر ساختن ایران قوی و گره گشایی از ...|https://www.mojnews.com/%D8%A8%D8%AE%D8%B4-%D8%B3%DB%8C%D8%A7%D8%B3%DB%8C-3/431450-%D8%AF%D9%88%D9%84%D8%AA-%D9%85%D8%B5%D9%85%D9%85-%D8%A7%D8%B3%D8%AA-%D8%AF%D8%B1-%D9%85%D8%B3%DB%8C%D8%B1-%D8%B3%D8%A7%D8%AE%D8%AA%D9%86-%D8%A7%DB%8C%D8%B1%D8%A7%D9%86-%D9%82%D9%88%DB%8C-%DA%AF%D8%B1%D9%87-%DA%AF%D8%B4%D8%A7%DB%8C%DB%8C-%D8%A7%D8%B2-%D9%85%D8%B4%DA%A9%D9%84%D8%A7%D8%AA-%D9%85%D8%B1%D8%AF%D9%85-%DA%AF%D8%A7%D9%85-%D8%A8%D8%B1%D8%AF%D8%A7%D8%B1%D8%AF|20 hours ago —
158|فرهنگ علوم اجتماعی قرن بیستم|https://books.google.com/books?id=m9zKAgAAQBAJ&pg=PT49&lpg=PT49&dq=%D8%B9%D9%84%D9%85+%D8%AF%D8%A7%D8%AF%D9%87&source=bl&ots=WQMpZOg2Dx&sig=ACfU3U3zFqzGhItwyq0CVAo3pVQhzqTrUQ&hl=en&sa=X&ved=2ahUKEwjyouHQwNn3AhXI_7sIHY8RCA44qgEQ6AF6BAgDEAM|22 hours ago —
159|درآمدی بر علم دعوت|https://books.google.com/books?id=-69CEAAAQBAJ&pg=PT110&lpg=PT110&dq=%D8%B9%D9%84%D9%85+%D8%AF%D8%A7%D8%AF%D9%87&source=bl&ots=ty5ArP5F0Y&sig=ACfU3U3SYjRcEgXscSxkyKeQwOojph4cBA&hl=en&sa=X&ved=2ahUKEwjyouHQwNn3AhXI_7sIHY8RCA44qgEQ6AF6BAgCEAM|2 hours ago —
160|رهبر انقلاب در دیدار فرهنگیان: چند درصد از دانش آموزان کاظمی ...|https://www.asriran.com/fa/news/839161/%D8%B1%D9%87%D8%A8%D8%B1-%D8%A7%D9%86%D9%82%D9%84%D8%A7%D8%A8-%D8%AF%D8%B1-%D8%AF%DB%8C%D8%AF%D8%A7%D8%B1-%D9%81%D8%B1%D9%87%D9%86%DA%AF%DB%8C%D8%A7%D9%86-%DA%86%D9%86%D8%AF-%D8%AF%D8%B1%D8%B5%D8%AF-%D8%A7%D8%B2-%D8%AF%D8%A7%D9%86%D8%B4-%D8%A2%D9%85%D9%88%D8%B2%D8%A7%D9%86-%DA%A9%D8%A7%D8%B8%D9%85%DB%8C-%D8%A2%D8%B4%D8%AA%DB%8C%D8%A7%D9%86%DB%8C-%D8%B1%D8%A7-%D9%85%DB%8C-%D8%B4%D9%86%D8%A7%D8%B3%D9%86%D8%AF-%DA%86%D9%86%D8%AF-%D8%AF%D8%B1%D8%B5%D8%AF-%D8%B1%D9%88%D9%86%D8%A7%D9%84%D8%AF%D9%88-%D8%B1%D8%A7-%D8%AF%D8%B1-%D9%85%D8%AF%D8%A7%D8%B1%D8%B3-%D8%AF%D8%A7%D9%86%D8%B4-%D9%87%D8%A7%DB%8C%DB%8C-%DB%8C%D8%A7%D8%AF-%D8%AF%D8%A7%D8%AF%D9%87-%D9%85%DB%8C-%D8%B4%D9%88%D8%AF-%DA%A9%D9%87-%D9%87%DB%8C%DA%86-%D9%81%D8%A7%DB%8C%D8%AF%D9%87-%D8%A7%DB%8C-%D9%86%D8%AF%D8%A7%D8%B1%D8%AF|20 hours ago —
