__label__Neg	سیستم خوبی نبود از ساعت ۱۱تا ساعت۱۲:۴۰منتظر نوبتم بودم در حالیکه،در این مدت زمان تعداد زیادی مراجعه کننده حضور نداشت یعنی در حالت غیر الکترونیک کار بنده زودتر راه میوفتاد،در ضمن کسانی هم که همراه اول نداشتند قادر به نوبت گیری نبوند
__label__Neg	بدترین شرایط در ارایه نوبت هست همه مردم ناراضی هستن لطفا خودتون از اتاقتون بیایید بیرون یه نگاهی به وضعیت بد مراجعه کنندگان بندازید مثل‌بانکهای دهه شصت همه دم این باجه ها بدون نوبت ایستادن نه از روی شماره کسی کار انجام میده نه صف، تعداد کارمندها هم بسیار کم هست یک نفر باید کار جمعیت. یادی رو انجام بده این پولها رو اینجا خرج کنید نه برای اقای مرتضوی کنار بذارید
__label__Neg	بازم صد رحمت به همون نوبت دهی دستگاه که توی خود شعبه انجام میشد. الان وقتی مراجعه میکنی و مثلا ساعت هشت صبح وقت داری میبینی که پنج نفر جلوی شما توی صف هستند و باید برای اینکه به آنها بفهمانی که اینترانتی نوبت شما ساعت هشت هست و الان باید مسئول باجه جوابگوی شما باشد با آنها درگیر شوی سر نوبت. که متاسفانه به جای اینکه هر روز بهتر شود ، بدتر میشود
__label__Pos	لطفا به جای صدور دفترچه بیمه کاغذی از دفترچه بیمه الکترونیکی استفاده شود .
__label__Neg	کلا همش انتقاده ولی گفتنش فایده نداره همه چی گلو بلبله
__label__Neg	سیستم قط شده بود همه باجه ها خالی بود دولت نداره نیرو بزاره سر کار
__label__Neg	من کلی راضی نبودم کاری کردن که کلی بیمه زده بشم به بیمه عمر پناه ببرم
__label__Pos	خدا قوت
__label__Pos	واقعا عالی انجام شد در کمترین زمان ممکن. سپاسگزارم.
__label__Neg	اطلاع رسانی برای طریقه نوبت دهی کاملا بد و وقتی از مسئولین باجه سوال پرسیده میشه خیلی بد پاسخ داده میشه.
__label__Neg	من برای بیمه بیکاری شعبه 22 نوبت گرفتم.که گفتن هنوز برای این واحد راه اندازی نشده. و انتظار الکی و ارجاع به یکماه دیگه...واقعا تاسف باره برای سیستم به این بزرگی...
__label__Pos	لطفا سیستم نوبت دهی را برای سایر عملیات تامین اجتماعی از قبیل صدور مفاصاحساب بیمه و... فعال نمایید
__label__Neg	واقعا مسخره اس
__label__Neg	نوبت دهی اینترنتی فقط در نوبت اول مراجعه راهگشاست در صورتی که برای انجام هر کاری برای انجام کار اداری آن باید چند نوبت در صف ایستاد
__label__Neg	طرز بر خورد قسمت درامد با مراجع کننده اصلا خوب نیست به ویژه خانم زارع که اصلا پاسخ درست و کامل. نمیدهند و همیشه بد برخورد هستن
__label__Neg	بسیار ضعیف و سیستم اداری بسیار اتلاف وقت میکند
__label__Pos	نوبن دهی با 142 عالی بود
__label__Neg	همکاری لازم ندارند
__label__Neg	نوبت دهی اینترنتی اصلا به درد نمیخوره
__label__Pos	ممنون از شما و همکارانتون
__label__Pos	از خدمات نوبت دهی که برقرار کردید ممنونم خیلی ممنونم
__label__Pos	باسلام وآرزوی سلامتی برای پرسنل محترم سازمان تامین اجتماعی..درصورت امکان وبه جهت سرعت بخشیدن به امورات بیمه شدگان لطف فرمایید درپروسه به روز رسانی کدملی جهت نامنویسی ، اقدامات مقتضی رامعمول فرمایید.باتشکروقدردانی اززحمات شما.
__label__Neg	این طرح مسخرتون رو جمع کنید چون همه مراجعه کننده ها گوشی موبایل همراهشون نیست . شما با این طرحتون مردم رو به زور وادار میکنید از اینترنت استفاده کنند . گوشی همه که اندروید نیست . طرحتون بسیار مسخره و مزخرف بود . هم کلی وقت گیره . امروز من 4 بار مراحلش رو انجام دادم اخرش ناموفق میشد و درنهایت کارمند خودتون زحمتش رو کشید . در ضمن اون خانم ها از تعداد سوالات مردم و قطعی اینترنت اونجا کلافه شده بودند . هم برای مردم کار درست کردید هم برای کارمندان خودتون . این طرح باید اختیاری باشه نه اجباری .
__label__Neg	بیمه تامین اجتماعی اینترنت و وقت اینترنتی نمیخواد با خدمات رسانی افتضاحش که همش سیستم هاش قطعه باید برید با چرتکه کار کنید متاسفم براتون جیب ملت رو میزنید خدماتتون هم که افتضاحه
__label__Neg	اگر نوبت اینترنتی میدهید لطفا طوری باشد که بعد از مراجعه معطلی نداشته باشیم
__label__Pos	با تشکر از اهمیت دادن شما به نظر خواهی/موفق و پاینده باشید
__label__Neg	ششماه از سال گذشته هنوز معوقه افزایش حقوق پرداخت نشده
__label__Pos	ممنون از انجام این کار
__label__Neg	متصدی بدون توجه به رزرو اینترنتی گفت ساعت ۱۵ به بعد رزرو اینترنتی نداریم
__label__Pos	ای کاش همه کارکنان شعبه ۹ مثل آقای پور صفری واحد درآمد طبقه شش باجه ۴، خوشبرخورد و با اخلاق و سریع کارها رو انجام میدادن، من از آقای پورصفری کمال تشکر را دارم
__label__Pos	باتشکرفراوان از مسئول محترم مستمری
__label__Pos	با سلام اگر یه کم رفتار پرسنل مهربانتر باشد برای هر دو طرف روز بهتری شروع میشود .متشکرم
__label__Pos	با یکروز تاخیر در پرداخت حق بیمه اختیاری سه ماه بیمه از بین میرود با توجه به اینکه برای هر کسی ممکن است مشکلی پیش بیاید، این قانون غیر منصفانه میباشد و لازم است مورد تجدید نظر قرار بگیرد
__label__Neg	واقعا جای تاسف و تاثر داره ،کارمندان بی اعصاب،مراجعین بی چاره
__label__Neg	خیلی افتضاح بود واقعا برای کم کاری شیوه خوبیه
__label__Neg	بعنوان پزشک که تاحد زیادی با اینترنتآشنایی دارم طرح بسیار بسیار نسنجیده بی مورد و مزخرفی را ارایه کرده اید که فقط از روابط الکترونیک اسمی از آن هست
__label__Neg	این سیستم کارآیی لازم رو ندارد لطفا تجدید نظر کرده و رفاه مراجعه کننده رو اولویت کار قرار دهید
__label__Pos	کارمند فقط مرتضی فرخ بخت فومنی شعبه شفت
__label__Neg	این که اینترنتی نوبت بگیریم بعد 3 ساعت هم سر پا وایسیم چیه جز مردم آزاری؟
__label__Pos	باسلام وخسته نبا شید اگر امکان دارد در تمامی قسمتهای بیمه مانند نامنویسی وسوابق این کار انجام شود بهتر است باتشکر از شما
__label__Pos	با ارزوی موفقیت روز افزون
__label__Pos	لطفا زمان رسیدگی را کمتر فرمایید
__label__Neg	واقعا خیلی بی مسئولیت هستن مسولان .کار مردم درست انجام نمیشه از مسئول راس گرفته تا بقیه کارمندها درست جواب نمیدن به مردم .درست راهنمایی نمیکنن.مثلا اگر کنار آقای مسئول امور بیمه شدگان یه کارمند دیگه هم بود خوب بود که به سوال ها جواب میداد و آقای مسئول به پرونده ها میرسیدن. ولی متاسفانه .وضعیت مملکت که این باشه وضعیت ادارات هم همینه دیگه از صبح معطل بشیم کلی آخرش هم کار انجام نمیشه ولی به وقت نهار و ...خودشون باید برسن.
__label__Neg	شیوه نوبت دهى و نحوه برخورد کارمندان این شعبه بسیار ضعیف و طلبکارانه است براى بیمه بیکارى چندین بار باید مراجعه کنیم و هر بار غریب به سه ساعت باید منتظر رسیدن نوبت باشیم.
__label__Neg	از آنجائیکه ممکن است همه افراد حتی یک نفر ، دسترسی به اینترنت یا تلفن هراه نداشته باشند و نیز پیچیده بودن مراحل نوبت دهی اینترنتی ، بهتر است که از همان روش قبلی استفاده شود.
__label__Neg	قبل راه اندازی همچین خدماتی اول یک مرحله اموزشی و ازمایشی برگزار کنید بهتر بود
__label__Pos	میزان رفت و آمد بین واحد ها برای انجام بیمه بیکاری زیاد بود.
__label__Neg	با سلام . برای حضور در بیمه پیامک میدهید اما اعلام نمیکنید باید نوبت اینترنتی بگیرن و باعث اخلال و اختلال میشود ..برخورد خانوم قاسمی باجه ۲ طبقه ۴ بشدت با ارباب رجوع بد و دائما در حال داد زدن میباشد ..دوست عزیز ایشون حقوق میگیرند و باید ب ارباب رجوع پاسخگو باشند نه اینکه دایم سر همه نراجعه کننده ها داد بزنند ..خواهشا قبل استخدام پرسنل را به روانشناس نشان دهید ادم دیوانه را در تیمارستان نگه میدارند نه پشت میز اداره دولتی
__label__Pos	زیر ساخت نوبت دهی خوب است با سپاس
__label__Neg	رسیدگی شود اداره شعبه ۹ افتضاح ترین اداره است و تا به حال من چنین اداره ای را ندیدم مقصر رئیس شعبه می دانم ۰۹۱۲۶۰۰۷۵۲۷
__label__Pos	سلام پیشنهاد میشود کسانی که پرونده درمستمری دارن احتیاج به تمدید وتائید اعتبار نداشته باشند
__label__Neg	همیشه سیستم قطعه :((((
__label__Pos	سلام خدا پدرتونو بیامرزه عالی بود کار من در اسرع وقت انجام شد ممنون
__label__Neg	مسخره کردن . همه نوبتهارو نماینده های شرکتا میگیرن که آمارشون بره بالا
__label__Pos	شعبه 2 کرج به نسبت سایر شعب از نظم بهتری برخوردار است
__label__Neg	به عنوان یک بیمه شده متاسفم برای این سازمان که به جای تامین رفاه و آسایش برای مردم فقط استرس و فشار ذهنی افراد رو بیشتر می کنه. من برای بیمه بیکاری حدود هفت ماهه که اقدام کردم. با اینکه هیچ مشکلی پروندم نداشته بعد از کلی سرکار گذاشتن هنوز مستمری یک ماه رو هم پرداخت نکردند و حالا به دروغ گفتند که پروندت برای ما ارسال نشده که بعد از سه ماه کاشف به عمل اومد همون سه ماه پیش ارسال شده بوده. ای کاش حداقل این حرفها رو با لحن بهتری به بیمه شده ها میزدن نه جوری که انگار دارن با یه آدم مزاحم حرف میزنن. در ضمن من الان حدود یک ساعت و نیمه که دارم توی اینترنت می چرخم و هنوز کد USSD نوبت گیری رو پیدا نکردم!
__label__Neg	از بدو ورود شاهد نزاع مردم خسته و سر درگم ک کلافه با پرسنل بودم سریعا به مدل نوبت دهی قبل برگردانید
__label__Pos	همه چی خووب بود.
__label__Pos	خسته نباشید خدا قوت
__label__Neg	بعد از دو ونیم ساعت معطلی و مراجعه به باجه ۱۰ مانیتور و سوکت آن خراب بود بعد از یکربع دیگر مدارک مرا تحویل گرفت و گفت هیچ سابقه ای نواریم حتی نامه ای که خودتان صادر کرده اید سابقه را ندارید اعتراض کردم که چطور ممکن است گفت نداریم دیگه بروید از پیمانکار اصل برگه را بیاورید میگم خانوم شما نامه دادید سر کار ما آغاز بگار را با نامه به شما برگرداند من خودم آوردم فقط شما تجریش بودید اونموقع حالا منتقل شدید اینجا باز میگه من سابقه ندارم دنیا سابقه دویست سال پیش رو در میاره شما عرضه یه ا جاع به سوابق خودتون رو هم ندارید
__label__Pos	قسمت سوابق خیلی ارباب رجوع داشت و فقط یک باجه جوابگوی اون همه ارباب رجوع بود و خیلی معطل شدیم
__label__Neg	سیستم هر روز قطع میشه
__label__Neg	نداشتن تخصص کافی
__label__Pos	اگه جواب آزمایش رو سریع تر بدهید عالیه
__label__Pos	با تشکر از شعبه 28
__label__Pos	باتشکر از پاسخگویی پرسنل خوب شعبه 5 تهران
__label__Neg	با درود.اولا دراین مورد اصلا اطلاع رسانی نشده بنابراین با نوبت حضوری فرقی نمیکند ضمنا متصدی باجه ها نوبت را رعایتنمیکنند و باعث ایجاد درگیری لفظی میشود در ثانی بنده در طی دو سال چند مرحله به این شعبه مراجعه کردم بدون استثنا سیستمها قطع بود و امروز بنده ۵ ساعت برای صدور دفترچه معطل شدم و بقیه هم همچنین لطفا با اوجه به در امد کلان سازمانتان کمی فقط کمی به فکر مردم باشید
__label__Neg	واقعا سیستم نوبت دهی بسیار نا کار امده و به هیچ دردی نمیخوره
__label__Pos	عالی
__label__Pos	از شعبه ۱۹ کاملا رضایت دارم...باتشکر
__label__Neg	فوق العاده بی نظم و بدون پیش بینی یک فرآیند ورود ارباب رجوع .سردرگمی تمام ارباب رجوع ها!عدم پاسخگویی کارمندان!برخورد بد!دریغ از یک نفر که وظیفش این باشد ک به سوالات مردم جواب دهد.شعبه ۹ هویزه
__label__Neg	کارمند نام نویسی باجه 2 منو تودردسر انداخت به خاطر بی توجهی 3ساعت بالا پایین شدم
__label__Pos	سلام درشعبه به بنده گفتن کارشما درست شدنیم ساعت بعد وقتى به کارگزارى مراجعه کردم کاربنده هنوز درست نشده بود لطفا رسیدگى شود
__label__Neg	سلام، خیلی ها که برای انجام کار بیمه مراجعه میکنن ‌پیرمرد و پیرزن هستند ونمیتونن نوبت بگیرن موبایل ندارند
__label__Neg	من برای اولین بار و آخرین بار مراجعه داشتم . هم آقایی که برای ایرانسل و خانمی که برای همراه اول نوبت میداد رفتارشان بسیار بد بود نمیدونم سختشون بود حرف بزنن. و اصلا شایسته جوابدهی به ارباب رجوع نیستن. بسیار براشون متاسفم. اون خانم که اشتباه فرد رو به طبقات هدایت میکنه به ایشان گفتم برای سابقه اومدم. وقتی رفتم بالا بعد از مدتی که تو صف بودم نوبتم شد تازه کارمند اونجا متوجه شد که باید طبقه سوم برم نه طبقه دوم . خدا بداد بقیه ارباب رجوعی برسه که دائم با این شعبه سرو کار دارن.
__label__Pos	سپاس
__label__Pos	برگه های کوچک مراحل بعدی اخذ امضا چاپ شود تا کارشناس برای نوشتن آنها پشت پرونده زمان نگذارد
__label__Pos	عالی
__label__Neg	از این بدتر نمیشه
__label__Neg	به معنی واقعی کلمه افتضاح هستید
__label__Neg	از هجده باجه فقط دو باجه کار می کردند!!؛؛
__label__Neg	مسخره کردید مردمو
__label__Neg	بسیار بسیار بسیار پرسنل بی قید و بند و غیرمسئول در بیمه ها مشغول بکار هستن از دربان تا مقامهای دیگر همه مسئولیت پذیر نیستن و موقع حضور ارباب رجوع محل کار رو ترک برای انجام کار شخصی یا با تلفن کار شخصی انجام میدهند اصلا رضایت از هیچگونه از افراد و پرسنل ندارم
__label__Neg	شعبه ۹ بیمه تامین اجتماعی نیروهاش اصلا پاسخگو نیستند
__label__Neg	پرسنل بسیار بی‌ادب و سیستم دو هفته است که قطع است و من نمیتوانم نام نویسی کنم و پرسنل در کمال بی ادبی میگویند به ما ربطی ندارد
__label__Pos	خیلی بهتر است که کار ارباب رجوع در جلسات کمتری انجام شود.قوانین دست و پا گیر را کم نمایید با تشکر
__label__Pos	اطلاع رسانی نوبتگیری بیشتر بشه عالیه
__label__Pos	عالی هستش امیدوارم همیشه اینجورباشه
__label__Neg	کارمند خانم دم در پایین خیلی خوب بودن و لی کارمند آقا بالا واحد١ بد بودن من وفتم یه شعبه دیگه
__label__Neg	از تاریخ 20_5 جهت بازنشتگی ثبت پرونده نموده ام و امروز بعد از یک ماه میگویند که سختی کار اینجانب را که وزارت کار ، تایید نموده ، به شما تلق نمیگیرد. وپرونده اینجانب را به مرکز شعبات ارسال نموده وگفتند بعداز یکماه تماس بگیرید تا از مرکز جواب بیاید. ایا درست است دراین برهه از زمان که گرانی بیداد میکند واین حقیر 2ماه است که ترک کارم را زده اند و حقوق ندارم ، یکماه دیگر صبر کنم.خواهشمندم رسیدگی نمایید. بنده 3 فرزند دانش اموز و دانشجو دارم.
__label__Neg	سلام در نوبت دهی اینترنتی اصلا گزینه ای به نام عینک، دندان مصنوعی و. . . . وجود نداردارد و موقعی هم که گزینه پروتز واروتز را جهت انجامهمین باعث اختلاف بین مراجعین درانجام کار
__label__Neg	قطع بودن سیستم ۲ روزه
__label__Neg	نوبت دهى صرفا جهت سرکار گذاشتن افراد در نظر گرفته شده است.امیدوارم روزى برسد که از این ابزار استفاده کارآمد براى هم پرسنل مجموعه و هم مراجعه کنندگان استفاده گردد.
__label__Neg	هلپ دسک هیچ اشنایی با امور نداشته برخورد بدی داشته و راهنمایی نادرستی انجام داد
__label__Neg	رفتار بسیار زشت و توهین آمیز باجه شماره ٣ قسمت فنی شعبه ٢٩ تهران
__label__Pos	عاااااااااااشقشم
__label__Neg	پرسنل و سیستم ها همه مشکل داشتند
__label__Pos	آرزوی موفقیت برای همه عزیزان
__label__Neg	من راضی نبودم مدت پنج ماه پرونده من سر گردان بود و آخر هم به اداره کار بازگشت و مشکل اولیه از خود پرسنل بود که من را درست راهنمایی نکردن
__label__Pos	جاداره از قسمت مستمری شعبه 24 تشکرکنم.
__label__Neg	خیلیهرج و مرج،به مشتری ام احترام...
__label__Neg	به صورت اینترنتى بشود کارها را انجام داد ونیازى به رفتن به شعبه نباشد .وقتى که نوبت اینترنتى گرفته مى شود نوبت خوانده شود توسط دستگاه ودر همان زمان کار انجام شود ما متاسفانه پس از گرفتن نوبت اینترنتى در صف ایستاده و پس از کلى هرج و مرج و زمان طولانى صف موفق به انجام کار شدیم .
__label__Pos	سپاس و عملکرد خوبتان
__label__Pos	اقای سلیمی واحد فنی بیمه شدگان بسیار عالی بودند و تشکر می کنم
__label__Neg	رفتار نا مناسب پرسنل،عدم راهنمایی مناسب و عدم توانایی و سرعت عمل در انجام کار پرسنل مشکلات اصلی بود به نظر بنده
__label__Neg	وقت مراجعه کننده ها اینقدر بی ارزشه که یک روز کاری مراجعه کننده به بهانه قطع بودن سیستم تلف شه بدون این که نتیجه ای بگیره؟!
__label__Pos	با تشکر از ریاست محترم شعبه
__label__Pos	ممنون از سیستم جدید لطفا در جهت ارتقای آن تلاش فرمایید متشکرم
__label__Pos	کاش روند الکترونیکی کردن برای همه خدمات انجام بشه
__label__Neg	درساعت رزرو شده مراجعه کردم باجه مورد نظر اصلا کار نمی کرد وپاسخگونبودند مجبورشدم دوباره نوبت حضوری بگیرم
__label__Neg	من مرخصی گرفتم و ساعت ٢ برای هدیه ازدواج به شعبه رسیدم که گفتن باید نوبت داشته باشی نوبت گرفتم و ساعت ٢:٣٠ برام نوبت داده شد اما کارمند اون قسمت با اینکه کاری نداشت گفت برید و سعی کنیدصبح اول وقت بیاید ! متاسفم که برای وقت ما هیچ ارزشی قایل نیستید کارمندان عزیز جامعه ای را در هر اداره تشکیل دادید که فقط باعث تاسف است و ای کاش کمی انسان وظیفه شناس در هراداره بود، اگر بعد ازظهر کار نمی کنید چرا نوبت میدید!؟!
__label__Neg	به من برای باجه ی ۱ امور فنی وقت داده شده بود که مسئول این باجه اصلا در زمان مقرر اونجا نبود و در باجه بسته بود!!! باجه دیگری هم که کار باجه شماره ۱ رو انجام میداد اصلا به وقت اینترنتی توجهی نداشت و به همین علت حدود ۲ ساعتی در شعبه شماره ۹ معطل شدم، امیدوارم حداقل این انتقاد ترتیب اثری داده بشه و شعبه از این بی نظمی و آشفتگی خارج بشه..کارمندانتون هم که انگار وظیفه ای نداشتن و لطف میکردن که کار مارو انجام بدن!!! نمیدونم واقعا لفظ کارمند رو میشه واسشون به کار برد یا نه، طلبکار لفظ مناسب تریه!
__label__Pos	این شیوه بسیار مناسبی برای صرفه جویی در وقت و کاهش حجم مراجعین شعبه به دلیل تعیین وقت حدودی مراجعه میباشد.اما به دلیل تبلیغ کم اکثر مراجعین از وجود چنین خدماتی اطلاع ندارن.باتشکر
__label__Neg	کارمندان شعبه ١ فوق العاده بی مسؤلیت و بی ادب و فاقد دانش کافی
__label__Pos	لطفاسامانه دارای محدودیتهای فراوانی است خدمات بیشتر میبایست توسعه ومتنوع شود
__label__Pos	لطفا در جهت ارتقای سیستم تلاش فرمایید متشکرم
__label__Pos	بسیار عالیست
__label__Neg	هدف از سیستم نوبت دهی انلاین جلوگیری از اتلاف وقت است اگر قراره من نوبت بگیرم باز هم بیام اونجا تو صف بمونم که فایده نداره، سیستم هم قطع بود کارم انجام نشد
__label__Pos	بعضی مراجعات را به نظرم میشه کم کرد. اطلاعات مراجعین که برای اولین بار در موضوعی مراجعه می کنند کم است. خوبه یه مشاوره کامل اول کار ارائه شود. ممنون
__label__Neg	عدم مشورت لازم
__label__Pos	با تشکر از شما زحمتکشان
__label__Pos	همه چى خوب بود
__label__Neg	نوبت موبایلی امکان پذیر نمیباشد.بعداز نوبت اینترنتی یک نوبت داخل اداره شعبه هم بایدبگیری.
__label__Neg	چقدر خوب بود که با وجود اینترنت و شبکه بودن سیستم سوابق بیمه برای پرداخت هزینه عینک کار بنده را دو هفته عقب نندازند
__label__Neg	باجه سه دیوانه شد بود همکارش رفته مرخصی
__label__Neg	عملکرد فاجعه پرسنل و انجام ندادن کار ارباب رجوع
__label__Neg	لطفا نظارت دقیق تری روی رفتار و عملکرد پرسنل داشته باشید متاسفانه پرسنل بیمه جوری رفتار میکنند که اگر کاری میکنند انگار لطف میکنند و منت میزارن تازه اگر کار راه بندازن
__label__Pos	اقدام شما جالب بود و برای اولین بار حداقل در باره مشکل بنده، یک کار بی ایراد در این ساختار حاکمیت دیدیم و کیف کردیم
__label__Neg	بدترین شعبه تامین اجتماعی
__label__Neg	من تا حالا اینجور اداره بی مدیریت ندیدم بخاطر یک بیمه اختیاری ۴ بار مراجعه کردم ولی هنوز کارم را انجام نداده اند
__label__Pos	ممنون. عالی شده
__label__Neg	بسیار ضعیف و بدرد نخور و ناکارامد و کلی مطلب دیگه که نمیشه نوشت خدا مسببین ایجاد این سیستم و لعنت کنه
__label__Pos	با سپاس از خدمات نوین
__label__Pos	رضایت بخش پرسنل همکاری کامل را داشتند.
__label__Neg	واقعا ضعیف کار میکنن
__label__Neg	متاسفانه باجه ای که منو ارجاع دادید مرخصی رفته بودن 5 ساعت آلاف شدیم
__label__Neg	باتوجه به اینکه اینجانب درساعت مقرر درباجه حضور داشتم باگذشت یک و نیم ساعت هنوز کارم انجام نشده و باجه ٣ پاسخگو نیستند
__label__Pos	سلام .لطف بفرمایید درواحد نامنویسی ثبت درخواست بیمه رانندگان وواحدفنی استردادوانتقال ایجاد شود
__label__Pos	خیلی خوب
__label__Pos	اگر به همین صورت ادامه یابدخیلی خوب میشه
__label__Pos	خیلی ممنون
__label__Neg	خدمت رسانی وجود ندارد بسیار نا امید کننده است،اکثر کارمندان رفتار نامناسب با ارباب رجوع دارند
__label__Pos	هنگام نوبت گیری اینترنتی بعد از ثبت نوبت پیامک اریال نمیشه و اکثر مراجعه کننده ها با مشکل مواجه میشن و کسی برای اطلاع رسانی و راهنمایی صحیح و دقیق در شعبه نیست
__label__Pos	بسیار عالی
__label__Neg	با توجه به بی نظمی موجود، نوبت دهی تاثیر چندانی نداره، چون کسی رعایت نمیکنه
__label__Neg	سلام اینکاربرای جایی مثل بیمه کارایی روپایین میاره ورفت وامد یک نفرچندبارمکنه تکراربشه.چون یک شخص برای یک کارممکنه به چندباجه نیازداشته باشه که اگه وقت نداشته باشه مجبوره چندروزکارش عقب بیفته وبعضی چیزهاتوبیمه زمان خیلی مهمه .نوبت دهی باشماره خیلی بهتربود کارایی بالاتربود ولی این شرایط کارروسخت کرده
__label__Neg	اذیتکارهستش معاون شعبه
__label__Neg	خیلی خدمات دهی ضعیف و نامرتب بود مخصوصا برای افراد مسمتری بگیر و بازنشسته خدا رحم کنه زمانی که ما بخواییم بازنشسته شیم
__label__Neg	برای بیشتر کردن کار مردم اگر کار دیگه ای هم میشه انجام بدید
__label__Pos	تشویق ریالی پرسنل محترم شعبه 14 در واحد میز خدمت ، با توجه به مراجعات زیاد با صبر و حوصله فراوان و با خوش رویی در جهت انجام امور مراجعان فعالیت دارند
__label__Pos	انشاالله باپشتکار موفق باشید
__label__Neg	لطفا وقتی سیستم قطع هستش نوبت دهی نکنید که ما مجبور بشیم بخاطر سو مدیریت شما از طرف محل کارمون مورد سرزنش قرار بگیریم و یک روز مرخصی اجباری رد کنیم
__label__Neg	مسئول نامنویسی خانم زارعی شعبه ۱۸ ادم بیشعور میباشد وقت اینترنتس گرفتم بازم گفت نوبت بگیر بشین ۱ ساعت نشستم جلو مردم سر من داد زدت
__label__Neg	با سلام.من روز 4 پهر دستگاهم رو دادم به شعبه مجتمع نور،تا امروز 16 مهر که رفتم جسد دستگاه رو بگیرم،هیچ تماسی از سمت موبایل آباد نبود،فقط من روزی 3 بار زنگ میزدم و میگفتن امروز بهت خبرمیدیم دیگه.دیشب بهم گفتن که دیگه درست نمیشه و فردا ساعت 9 بیا برای دربافتش،من از 9 صبح منتطر بودم،متصدی ساعت 10:40 تازه مغازه رو باز کرده. بعد این همه روز دستگاه من درست که نشده هیچ، تازه هیچ تضمینی هم نیست هیچ قطعه ای ازش کم نشده باشه.واقعا جای تٱسف داره این همه هزینه تبلیغات درتلویزیون و این سطح ضعیف سرویس دهی،تازه اگر سرویسی بدید.
__label__Pos	همه خدمات به این صورت باشد عالی است
__label__Pos	واقعا عالی بود این سیستم و وقتم خیلییی کمتر هدر رفت
__label__Pos	با توجه به ترافیک مسیر لطفا ترتیبی اتخاذ گردد که در صورت تاخیر تا چند دقیقه نوبت پابرجا بماند
__label__Pos	واقعا کار آدم و راحت میکنه دستتون درد نکنه که چنین امکاناتی و راه اندازی کردید من یک دقیقه هم تو نوبت نموندم چون وقت گرفته بودم و سریعا کارم و انجام دادن ممنون از شعبه ۱۶
__label__Neg	طرز برخورد فوق العاده بد و اطلاع رسانی خیلی ضعیف
__label__Pos	لطفا اطلاع رسانی در سطح وسیع تر و بهتری انجام بشه که مراجعه کننده بدونه که چه امکاناتی براش فراهم شده که از اتلاف وقتش جلوگیری بشه
__label__Neg	برخورد پرسنل شعبه اصلا خوب نیست و پیگیری کار ارباب رجوع خیلی کند صورت میگیرد و بعضی از پرسنل واقعا جواب گوی ارباب رجوع نیستن و همون دستگاه های نوبت دهی عملکرد بهتری دارد نسبت به *۱۴۲
__label__Neg	نهوه رسیدگی به ارباب رجوع بسیار ضعیف بود
__label__Pos	من برای انعقاد قرارداد جدید مشاغل ازاد مراجعه کردم در صوزتی که قراداد قبلا داشتم اگر میشد به صورت غیر حضوری برای تمدید قرارداد اقدام کرد عالی میشد
__label__Pos	عالی بود
__label__Pos	خانوم قاسمی به نظرم خیلی خوش اخلاق و باصبر بودن
__label__Neg	متاسفانه در این هیچکس نسبت به اطلاعات اینترنتی هیچگونه اشرافیتی ندارند و مثل توپ فوتبال از این باجه به اون نفر ارسال میکنند
__label__Neg	بحالت اول برگردد خیلی خوب است
__label__Pos	صمیمانه از آن شعبه محترم سپاس و قدردانی می نمایم.
__label__Neg	با سلام و احترام روش جدید بسیار نامناسب به نظر میرسد چون برای افراد مسن بی سواد ویا حتی همراه نداشتن تلفن ممکن است مشکلاتی بوجود آورد در ضمن ما همگی شهروندان یککسچر هستیم افرادی که گشت باجه ها نشسته اند باید تکریم ارباب رجوع را رعایت فرمایند وبا کمال صبر و شکیبایی مردمم را راخنمایی فرمایند ولی متاسفانه با بی حوصله گی بی میلی و در بعضی موارد با بی ادبی و طلبکارانه پاسخ گو هستند ما حقوق میگیریم ودر مقابل مردم مسولیم کمکاری نکنیم درست مردم را رهنمایی نمایی ممنون - کارشناس ارشد وزارت علوم 09122403595
__label__Neg	سیستم نوبت دهی کاملا فرمالیته است.احتمالا صرفا برای هزینه کردن یه بودجه و یا استخدام تعدادی آشنا بوده
__label__Neg	شعبه ٢٩ یکى از ضعیف ترین شعب بیمه و رفتار پرسنل به شدت تند و بى حوصله، نوبت دهى آنلاین به شدت نامناسب، زمان انتظار بالاى ١ ساعت در حالى که وقت باجه آزاد است، در نوبت دهى آنلاین باجه ها را اشتباه تعریف کرده در پیامک دریافتى و به هر باجه که مراجعه میشود به باجه دیگرى إرجاع میدهند
__label__Neg	اصلا رسیدگی در حد صفر
__label__Neg	بد ترین و چرت ترین نوع ارائه خدمات به صورت الکترونیکی هست و همچنین بی فرهنگی پرسنل نسبت به این سیستم بسیار زیاد
__label__Pos	تشکر و قدردانی میکنم از رئیس تامین اجتماعی و کارکنان محترم...
__label__Pos	در کل خوب بود
__label__Neg	خیلی ضعیف
__label__Pos	سیستم نوبت دهی عالی
__label__Neg	سیستم قطع بود و هر نیم ساعت یکبار وصل میشد برخورد کارکنان افتضاح بود یک روز کامل از کار افتادم
__label__Pos	واحد درآمد، سرعت عمل بیشتری داشته باشد
__label__Neg	داخل مجموعه اینترنت ضعیف بود، اینطور شماره دادن فکر خوبیه برای ولی اطلاع رسانی ضعیف بود و همچنین رفتار پرسنلتون هم خیلی بد بود
__label__Neg	افتضاح هست متاسفانههربار باید شاهد دعواهای مردم باشیمامروز بعد از ۵ساعت همچنان کار بنده انجام شد و باید فردا رجوع کنمبه شدت بی نظم و درهم و خسته کننده
__label__Neg	با سلام کارمندان کار سختی دارند و لی دلیل نمیشه اینقدر بی ادب باشند من ارباب رجوع اگه نباشم ایشون حقوق ندارد پس باید احترام بگذارد همانطوریکه من به ارباب رجوع احترام میگذارم.
__label__Pos	از زحمات شما سپاسگزارم اجر وپاداشتان را از خداوند با شادی وتندرستی فرزندانتان بگیرید ممنون از شما
__label__Neg	همکاران تامین اجتماعی فکر میکنم ملت کف دستشون رو بو کردن که بدونن شما سیستم نوبت دهی اینترنتی راه انداختین بسیار بی ادب هستن و همیشه طلب کار انگار در راه رضای خدا کار میکنم و به مراجعه کننده دارن لطف میکنم این همه پول بیمه می‌دیم که بی احترامی بشنویم
__label__Pos	بسیار باجه شماره ۴ شعبه ۲۲ رفتار مودبانه و خوبی داشتن و با صحه صدر کار را انجام دادن من از ایشون سپاسگزارم
__label__Neg	عدم پاسخگویی صحیح و عدم همکاری با ارباب رجوع
__label__Pos	ممنونم از زحمات شما
__label__Neg	برخورد کارکنان بسیار بسیار زشت و توهین آمیز است. و این برای شما اهمیتی نداردچون سالهاست به همین منوال درحال کار هستید. ضعف مدیریت بیداد میکند.
__label__Neg	جواب درست به مردم نمیدن،افتضاحه
__label__Pos	تشکر
__label__Neg	سلام نتیجه اینگونه روشهابایدموجب رضایت وخدمت رسانی بهتربه بیمه ارباب رجوع باشد نقاط ضعف: 1نبودبخش تکریم ارباب رجوع وسرگردانی مردم 2اکثرمراجعه کنندگان کسانی هستند که سنی ازآنها گذشته ومهارت لازم کارباتلفن همراه راندارند 3هرقسمتی که کارانجام میشودقسمت بعدی هم که می‌رویم درخواست نوبت گیری مجدد رادارند 4برخی ازمراجعه کنندگان سیم کارت همراه اول راندارند 5 به نظربنده همان روش شماره گیری درخودشعبه بااینکه آن هم مشکلاتی داشت به مراتب ازاین روش بهتربود والسلام
__label__Pos	ممنون از راه اندازی سیستم نوبت گیری
__label__Neg	سیستم فوق العاده مزحرف نوبت دهی اینترنتی- چهارشنبه حضوری رفتم وقت ها پر بوده نتونستم وقت بگیرم کارمند یه سوال کوتاه هم جواب نداد مجبور شدم شنبه برم دوباره-- واقعا مسخره بازی و مردم آزاری میکنین
__label__Neg	متاسفانه طبق معمول بد اخلاقی و عدم تکریم ارباب رجوع و عدم یکپارچگی خدمات دهی در شعب گوناگون بیمه واقعا متاسفم
__label__Neg	سلام در نوبت دهی اینترنتی اصلا گزینه ای به نام عینک، دندان مصنوعی و. . . وجود ندارد و موقعی هم که گزینه پروتز واروتز را جهت انجام این نوع کارها انتخاب میکنیم خین
__label__Neg	وضعیت شعبات واقعا اسفناکه و خیلی ها امکان گرفتن نوبت اینترنتی ندارند و وضعیت قبلی به مراتب بهتر بود.رفتار کارمندان هم که افتضاح هستش باید صبح ها صبحانه رو تو محل کار بخورند تا قند خونشون بالا بره و خوش اخلاق بشن. با تشکر از توجه شما
__label__Neg	واقعا جای بسی تاسف داره رفتار پرسنل
__label__Neg	پاسخگویی بسیاز ضعیف و لج کردن با ارباب رجوع و انجام ندادن امور ارباب رجوع به بهانه قعطی سیستم،چون که دقیقا نفر قبلی بنده،دقیقا کاری مثل کار من داشت،و کارش خیلی زود انجام شد،اما کار اینجانب خیر
__label__Neg	باسلام همیشه مشکل سیستم دارند و میگویند سیستم قطع است.پنج شنبه ها که تعطیل هستند و شنبه هم سیستم قطع است
__label__Neg	لطفا با توجه به شرایط نامساعد پیش امده بیشتر مراعات حال مراجعین را نموده و از پاسکاری های بیش از حد و نیز به تعویق انداختن امور مربوط به ایشان تا حد ممکن خودداری کنید. با سپاس؛
__label__Pos	دیروز یک دختر خانمی بودن که دو مرتبه با شماره ۱۴۲۰ تماس گرفتم، اپراتور آزاد بودن، خیلی با خوشرویی و صبر و حوصله منو راهنمایی کردن. میخواستم تشکر کنم از ایشون.
__label__Pos	نیاز به اطلاع رسانی از رسانه ملی دارد
__label__Pos	همه چی عالیه
__label__Neg	زمان صرف شده جهت انجام امور بسیار طولانی است حتی بیشتر از ۴ و ۵ ساعت...اکثر باجه ها خدمات نمیدهند و تنها دو سه باجه پاسخگو هستند...اطلاع رسانی بسیار ضعیف بوده و کارمندان به درستی پاسخ ارباب رجوع را نمیدهند و همین امر باعث سرگردانی اکثر مراجعه کنندگان میشوند...
__label__Neg	نوبت گرفتن به روش قبل بهتر است.سرو و صدا در اطاق ازار دهنده است
__label__Neg	افزودن شعب
__label__Neg	واقعا گند زدین با این پرسنل انتخاب کردنتون کار بردیم پیششون میگه سیستم و خاموش کردم دیگه روشنم نمیکنم ناراحتی برو یه شعبه دیگه
__label__Pos	امیدوارم در تمامی نظام بروکراتیک کشور چنین آرامش و دقتی برقرار شود.
__label__Pos	همه چیز خوب و عالی
__label__Pos	خدمات دهی و اطلاع رسانی در بخش کارشناسی حسابهای انفرادی ، سرکار خان رفیع زاده بسیار خوب بود. با تشکر
__label__Pos	ممنونم همه چی عالی بود
__label__Neg	ضعیف
__label__Pos	جواب دهی خوب بود
__label__Neg	سیستم هم ضعیف عمل میکنه و هم توی انتخاب شعبه اشتباه میکنه من توی سیستم شعبه ۲۹ رو انتخاب کردم ولی رزو شعبه ۸ رو به من داد.ضمنا این سیستم برای انجام خدمات تک نفره رزرو میشه که چنانچه برای انجام چند کار مجبور به انتخاب چند رزرو با ساعات مختلف هستی.
__label__Pos	براکسایی که نمیتونن از طریق تلفن همراه کارکنن وتواناییشو ندارن یااصلا تلفن همراه ندارن باید فکری بشه
__label__Pos	تنها افرادی که منظبط هستند أین طرح رادوست دارند دارین خصوص مقاومت بخرج دهیدتادیگران نظم را باد بگیرند
__label__Neg	رفتار بسیار غیر مودبانه و مسئولانه پرسنل
__label__Pos	سلام خسته نباشین والا ازلحاظ پاسخگویی خوب بددن ولی کارم انجام نشد نیمه کاره موند چون گفتن خطوط بیمه آنلاین وسراسری شده برای یه خارج شدن نام یه خانم از تکفل پدرشون که الان تحت تکفل همسرشون هستن باید با یدتاتامین اجتماعی شمیران برم تا نام ایشونو ازواحدنامنویسی خارج کنن درصورتیکه شاید می شد توهمین شعبه نوزده کاروتمام کرد بازازهمکاری تمام عزیزان شعبه ۱۹ که با اینجانب همکاری کردن کمال تشکروادب رودارد درفشان
__label__Pos	سپاس از همکاری و راهنمایی پرسنل شعبه 27. با توجه به مراجعات قبلی اینجانب به شعبه، باور کردن این تغییرات سخت بود.
__label__Neg	به هیچ عنوان از رزرو اینترنتی استفاده نمیشود
__label__Pos	با ارزوی بهترین ها برای خدمت کنندگان به مردم .
__label__Pos	الکترونیکی شدن کارها و جلوگیری از مراجعات حضوری باعث بالا رفتن کیفیت عملکرد سازمان میشه، پیشنهاد میکنم تا جاییکه میشه خدمات سازمان بدون نیاز به مراجعه حضوری و از طرق آنلاین انجام بشه
__label__Neg	اصلا خبر نداشتن میشه با سامانه نوبت گرفت و از این اتاق به اون اتاق میفرستادن
__label__Pos	با درود فراوان وسپاس ازبرنامه ریزان ومجریان آن امیدوارم باپیگیری وجدیت دراجرایی شدن هرچه بیشتربرنامه هاونهادینه کردن آن موجب رضایتمندی هرچه بیشتر مراجعه کنندگان را فراهم آورد چون باجدیت وپیگیری مدیران وکارکنان وآموزش به مردم میتوان به موفقیتهای اجرایی آن کمک شایسته وبایسته کرد آری دست دردست هم دهیم به مهر تابرنامه وهدفهای خودرا کنیم اجرا سپاسگزار وقدردان تمام عزیزان شیفته خدمتم سالم وموفق باشید تلاشگران عرصه خدمت سپاس مجدد
__label__Pos	ایکاش از پرسنل خوش رفتار تقدیر بشود
__label__Pos	خوبه
__label__Pos	خیلی خوب بود و همه چی با نظم بود
__label__Pos	اگه همون ساعت انجام بشه بهتره و اینکه رفتم تو شعبه از ۴ نفر پرسیدم که کی انجام میده اینترنتی یه کاغذ بزنن که معلوم شه چ کسی اینترنی انجام میده
__label__Pos	کارمند ها با اخلاق باشند
__label__Pos	مسئول فناوری و اطلاعات و اقای ساجدی واقعل دوتا نیرو با ارزش هستند و جای تقدیر و تشکر فراوان دارن
__label__Neg	بنظر میرسد بستر های لازم اعم از سخت افزاری و یا نرم افزاری برای انجام این طرح مهیا نشده است
__label__Neg	مردم ساعتها باید برای کیفیت بد منتظر بمونم چون گزینه دیگه آیی وجود نداره اطلاع رسانی ضعیفه سیستم قطع میشه به مردم نمیکنه ساعت ها تو شعبه ۲۲ منتظر باید بمونی و نتیجه نمی‌گیری واقعا برای این سیستم متاسفم
__label__Pos	ممنون از رییس محترم شعبه
__label__Neg	امکان نوبت گرفتن اینترنتی اصولا به کسی ابلاغ نشده و در هر دو بار مراجعه مجبور شدم از مدیر شعبه خواهش کنم که به کارمندان گوشزد کنند لازم است کار انجام شود. همچنین هیچ استند خاصی برای پاسخگویی به افرادی که نوبت اینترنتی دارند نیست.
__label__Neg	چرا با توجه به اینکه سیستم مربوط به مستمری بگیران قطع است به مردم وقت میدهید
__label__Neg	بابا یکم غم این ملت رو هم بخورید برای هر چیزی باید کلی صف به ایستیم آخرشم کارمون راه نیوفته یکم ساده تر بگیرید مگه با بیگانه طرفید هممون مال یه کشوریم ما دیگه خسته شدیم به خدا از این برخورد اداره جات و نهادها همه طلب کارن انگار اداره ارث باباشونه ه جا میری میگن بیرون تشریف داشته باشین از یه ثبت نام مدرسه ساده گرفته تا همین بیمه آخه این چه سیستمیه به خدا خسته شدیم نخواستیم بیمه بعد ۳۰ سال میخوان ۱ ملیون تومن بدن الان یک میلیون یه خانواده رو یک ماه میچرخونه خدایی میچرخونه ؟
__label__Neg	به نظرم برای بهبود شرایط باید یک شیوه را انجام داد یا فقط اینترنتی یا فقط نوبت دهی دستی. چون الان معلوم نیست کدام هست و افراد گیج میشوند و معطل
__label__Neg	سیستم نوبت دهی الکترونیکی بسیار ضعیف اطلاع رسانی و اجرا میشود
__label__Pos	همه چی خوب بوده
__label__Neg	باجه ٣ اصلا اهمیتی نداد و حتی سوال نکرد نگاه نمیکرد و جواب نداد و من در انجا شماره گرفتم به صورت فیزیکی
__label__Pos	مسئولین را جابه جا نفرما ئید تا کار آئی بهتری دلشته باشند
__label__Neg	عدم رضایت از عملکرد پرسنل و عدم خدمت رسانی با نوبت اینترنتی و پاسگاری ارباب رجوع و عدم مسوولیت پذیری در امر تکریم ارباب رجوع و دهها مشکل دیگر
__label__Neg	عدم پذیرش رزرو نوبت اینترنتی در شعبه مذکور
__label__Neg	پرسنل واقعا بد رفتاری میکنن جواب درستی نمیدن راهنماییی درست نمیکنن من ت شعبه های دیگه هم رفتم اما بسیار خوب راهنمایی و برخورد میککن این شعبه ۲۲ واقعا افتضاحه خیلی بد
__label__Pos	امروز خیلی عالی بود ممنونم از تمام پرسنل
__label__Pos	بیش از انتظارم وضعیت پاسخدهی خوب بود
__label__Pos	خیلی خوب وعالی شده و از اتلاف وقت خیلی جلوگیری میکنه و باعث شده وقت با ارزشمون تو صف های طولانی بیمه اتلاف نشه
__label__Neg	فوق العاده بی نظم و بی قانون و عدم مدیریت در نوبت دهی اینترنتی و رعایت نشدن نوبت های داده شده به علت نبود شماره نوبت دهی
__label__Neg	خدمت رسانی بسیار کند بوده و بسیاری از کارمندان در جای خود نبودند
__label__Pos	همه مراحل عالی وهمه پرسنل بسیاردقیق ب کارم رسیدگی کردند موفق باشید
__label__Neg	واقعا برای خودم و مردم ایران متاسفم
__label__Neg	متاسفانه کارمندان شعبه رودهن ازوجود این سیستم اظهار بی اطلاعی و همکاری لازم را نداشتند و این سیستم از سلیقه و دیدگاه انها هنوز در این شعبه راه اندازی وزیرساخت ندارد
__label__Pos	برخورد بهتر در خصوص مراجعه کننده
__label__Pos	با سلام و عرض خدا قوت.بسیار طرح خوب و جالبی در راستای طرح تکریم ارباب رجوع بود.انشاالله موفق باشید.متشکرم
__label__Pos	خانم عسگرى در این شعبه بسیار کمک کردند و نکته دیگه اینکه کاش وقتى مى خوایم سابقه بیمه مون رو اضافه کنین ازمون نخواین که بریم پرینتش رو از بیرون بگیریمهمون لحظه خود باجه بزنن و ناقصی سابقه رو ببینند دیگه . رو
__label__Neg	از ساعت ۹ صبح تا ۱۲ منتظر شدم ولی سیستم قطع بود و هیچ رسیدگی نشد. چون وقت مردم برایشان ارزشی نداره. اصلا رضایت ندارم.
__label__Pos	برخورد بسیار عالی برسنل و بذیر ش شعبه 9
__label__Neg	من بخاطر یک تبک در سمانه که ناشی از بی توجهی مسئول فنی شعبه ۲۵ بود باوجود مراجعه روز قبل دوباره از شعبه ۹ برگشتم شعبه ۲۵
__label__Pos	عالی بود باتشکر
__label__Neg	لطفا کسانی که پشت باجه ها نشستن رو بفرستین کلاس مشتری مداری. کلاس ارتباط با مشتری. کلاس انتقاد پذیری. کلاس زبان صحبت با ارباب رجوع
__label__Pos	عالی
__label__Pos	الهی همیشه شاد و سرسبزوخرم باشید.
__label__Neg	وقتی به شعبه میایم بگید که چه کارایی باید انجام بدیم تا چند بار مجبور نباشیم بیایم
__label__Neg	با سلام. به نظر بنده باید واحد مشاوره تقویت شده و با حوصله ی بیشتر مراحل انجام کار ارباب رجوع را توضیح دهند.ضمن اینکه مدت انتظار برای انجام کار بسیار طولانی است. بنده در مراجعه خود به شدت ناراحت و ناراضی بودم.خواهش می کنم به وقت و شخصیت مردم احترام بگذارید.
__label__Neg	نوبت اینترنتی هنوز در شعبه رودهن اجرایی نشده است.
__label__Pos	تبلیغات در مورد نوبت دهی باید بیشتر باشه چون اکثر مرذم اطلاع نداشتند
__label__Neg	امروز از چند خانوم همکاران ان اداره یه سوال ساده داشتم درحالی که هیچ ارباب رجویی نداشتم حتی اجازه ندادن من سوال مو مطرح کنم
__label__Neg	حدوددوساعته نشستم نوبت بگیرم همش ارور میزنه باتوجه باینکه دیروزنوبت گرفتم امدم شعبه بعدازسه ساعت گفتن سیستم خرابه
__label__Neg	روش خیلی مسخره ای هست
__label__Neg	خیلی بی ادب هستن
__label__Pos	😊
__label__Pos	طرح خوبه
__label__Pos	از مکانیزه شدن اداره بسیار بسیار راضی هستم فقط پرسنل بهتر با بقیه ارباب رجوع رفتار کنند و صبر و حوصله بیشتری داشته باشند
__label__Neg	برای دریافت کمک هزینه ازدواج مراجعه کردم. همسرم ازدواج اولش نبوده. کارمند محترم بسیار واضح و ناشایست به شناسنامه همسرم و به انتخاب من خندیدند. همچنین زمان پیشنهادی سامانه ساعت ۱۳:۴۵ بود در حالی که باجه خالی بود . خوشبختانه پرسنل منتظر رسیدن زمان نبودند و خودشان به مراجعین خدمات ارایه کردند
__label__Neg	خیلی بد از همه نظر افتضاح
__label__Pos	پیشنهاد من این است که این سیستم نوبت دهی ادامه داشته باشد با نوبت دهی آنلاین میتوان برای دیگر کارهایمان برنامه ریزی کرد ای کاش دیگر ادارات و سازمان ها هم به این سیستم مجهز شوند .از شما کمال تشکر را دارم
__label__Pos	سلام سالن ماشین نویسی بسیار عالی بود ولی سالن روبرو همه بداخلاق هستند مخصوصاً واحد ۳۱
__label__Neg	بسیار مزخرف بود.
__label__Neg	لطف کنن یه کم بهتر جواب مردم و بدن کسی که مراجعه می کنه راهنمایی می خواد با حوصله جواب بدن من اصلا راضی نیستم کلی وقتمون تلف شد نه کار من انجام شد ونه کار دخترم ممنون که این فرصت و به من دادید
__label__Neg	خانم حسن پور اصلا کار درست انجام نمیدن ، روز اول مراحل و نمیگن، هر روزی که برای اتمام کار میایم یه مورد دیگه میگن باید براشون بیاریم، اصلا برای زمان و وقت ما ارزش قائل نیستن، خانم کنارشون هم که کم مونده یه سوال اضافه بپرسیم کتک بخوریم ، اصلا رفتار های مناسبی ندارن همه مراجعین ناراحت بودن، من به خاطر خانم حسنپور که درست روال کارو توضیح نمیدن 5 روز مرخصی ساعتی گرفتم برای کاری که نهایت 2 روز انجام میشد من 5 روز اومدم، در هر صورت غیر از اقای شکوری طبقه بالا البته اگر اسمشون و درست گفته باشم، غیر از ایشون هیچ کدوم از کارکنان قسمتی که من کار داشتم اصلا درست نبود
__label__Neg	صبح رفتم کارمو انجام ندادن گفتن باید اینترنتی وقت بگیری با اینکه شعبه خلوت بود بعد ١١.٤٠ وقت گرفتم همسرم مرخصی گرفت بچه دو ماهم رو تو ماشین پیش باباش گذاشتم رفتم میگن سیستم قطعه بشینین تا وصل بشه تا شاعت دو نشستم دیدم دارن ناهار میخورن میگم چی شد میگن نه تا دو روز دیگه سیستم قطعه یعنی اگر من نمیپرسیدم تا ساعت چهارم بیکار میشستن و نمیگفتن. تازه مثل کارگرا با آدم حرف میزنن بسیار بی ادبانه و طلبکار... حالا من چجوری دوبلره با یه بچه دو ماهه بیام
__label__Neg	نظر سنجی زمانی مورد استفاده قرار میگیره که تفکر پشت سیستم در داستای بهبود خدمات باشد، مادامی که قرار بر این است که عده ی زیادی در ارگانی مانند تامین اجتماعی بکار گرفته شود پروسه زائد خیلی بیشتر میشه و عملا نظر سنجی مفهومی نخواهد داشت بیشتر از ۸۰ درصد پروسه اضافی هستش و هیچ سیستم ارزیابی عملکردی برای کارمندان خود ندارید قطعا آموزش های حرفه ای در ارتباط با برخورد پرسنل یا سیستم پاداش عملکرد نیست و فرهنگ سازمانی یکپارچه ای نیز وجود نداشت. همه اینها در یک بعد قضیه بود بعد دیگر فشار اورلود بر روی خود پرسنل شماست که باعث خستگی و عصبی شدنشان میشود در نهایت امر اکثر پروسه ها زمانی که سیستماتیک انجام گیرد سیستم بسیار چابکتر جلو میرود اما قطعا شما قصد تعدیل این حجم بالای نیروی اضافی را نخواهید داشت
__label__Neg	برخورد و روحیه کارمندها بدترین حالت ممکن بود نوبت دهی بسیار ضعیف و بی نظم متاسفم براتون
__label__Pos	از تلاش وبرخورد خوب سرکارخانم عباسی بسیارسپاسگزارم .
__label__Neg	باسلام،ای کاش خدماتی که معرفی میکنید عملی بشه وبااین وعدها مردم راساعتها توصف برای ارائه خدماتی که انتظار دارن معطل نکنید،متشکرم
__label__Pos	سهل تر کردن راه نوبت گیری
__label__Neg	یه جوری رفتار کردن انگار ارس باباشون و خوردیم
__label__Pos	تشکر از سیستم انلاین نوبت دهی. خیلی خوب بود. فقط بیشتر اطلاع رسانی شود.
__label__Pos	پیشنهادم این هستش که فرم ها و نحوه کار تمام شعب شبیه هم باشه،من شعبه یک شمیران رفتم کمتر از ۵ دقیقه کارم تموم شد ولی همین نوبت اینترنتی در شعبه ۲۵ انگار خیلی تعریف شده نیست و زمان بیشتری طول کشید تا من به نتیجه رسیدم،فکر کنم اگر یه روند کاری یکسان برای همه شعب تعریف بشه خیلی بهتره
__label__Neg	کد نوبت دهی برای خطوط ایرانسل انجام نمیشه و موجب معطلی مراجعه کننده می شود.لطفا کد رو برای تمام خطوط تعریف کنید
__label__Neg	پیشنهاد میکنم به محض مراجعه ارباب رجوع شخصی به عنوان راهنما و مطلع از کلیه امور ، تمامی مراحل اداری که ارباب رجوع باید طی بکند را به طور کامل تفهیم و یا فلوچارت مراحل را در اختیار او قرار دهد تا شلوغی و رفت و آمد و سردرگمی کمتر شود
__label__Pos	تشکر از شعبه ۲
__label__Pos	خواهشا نوبت دهی اینترنتی را قطع نکنید عالیه نه وقت ما هدر میره به موقع هم در بیمه حضور داریم تا کارامونو انجام بدیم .خدا خیرتون بده
__label__Pos	باتشکر از آقای کیایی
__label__Pos	وقتی همه چیز انلاینه چرا باید بریم یه شعبه دیگه مغایرت بگیریم؟ خوب همون شعبه مچبه همه چی دسترسی میتونه داشته باشه دیگه
__label__Neg	بهتره به پرسنل شعب بیمه اموزش داده شود که با إملاق بهتر با ارباب رجوع رفتار کنندچون قبل از اینکه حقوق ما بیمه شدگان به حسابمون واریز شود حق بیمه ان کم میشود که ان حق بیمه حقوق پرسنل بیمه است و به عبارت دیگر ما هستیم که حقوق انهارا میدهیم پس باید با ما بهتر برخورد کنند نه با بی حوصلگی .
__label__Pos	مرسی بابت انجام کار بموقع
__label__Neg	وضعیت اسفبار ووحشتناک نوبت دندانپزشکی مخصوصا پر کردن رسیدگی کنید شانس داریم مردم انقدر وضع داغون ازادرسیدگی می کنن یا به اصفهان مراجعه می کنن
__label__Neg	سه ساعت منتظر نوبت نشستم، مسئولین دائمأ از پشت باجه ها میرن و ما بیشتر معطل میشیم، حتى یک نفر هم اینجا راضى نیست.
__label__Pos	با سلام و تشکر همه کارمند ها کارم را خوب انجام دادن. ممنون و تشکر
__label__Neg	نیاز به این همه سیستم پیچیده آنلاین نیست ،یک فرد سالخورده که سواد نداره چطوری باید نوبت بگیره ،بهتره یک دستگاه نوبت گیر مثل شعبه داخل بانک باشه که کار آن راحت تر
__label__Neg	سلام.وقتی مأموران شعبه بیکار نشسته اند ، چه لزومی دارد مراجعه کننده را به قسمت کافی نت اداره که تشریف ندارند ، بفرستند تا نوبت بگیرند؟ بعد که میگویم کسی نیست می فرماید با تلفن همراه نوبت بگیر. اصلا لزومی برای این دفتر دستک وجود ندارد. آن هم برای شعبه های کوچک در شهرستان ها.که مأموران بیشتر اوقات بیکارند
__label__Neg	بسیار عملکرد ضعیف و اصلا نه پاسخگو تلفنی نه حضوری هستن برخورد بسیار بد ...و کار راه ننداز ...ما هم از سر کار میزنیم میایم که کارمان راه بیوفته ...راحت میگن سیستم قطع هست خوب دستی کنید سیستم رو ...مردم علاف نکنید دو ساعت وایمیستم اصلا کسی نمیگه وصل میشه نمیشه خیلی بد خیلی
__label__Neg	بیسوادی پرسنل در شعبه های شهرستان واقعا جای تاسف داره وهیچگونه اطلاعات تخصصی درموردبیمه ندارن وپافشاری من مراجعه کننده باعث دلخوری ونتیجتا پاسکاری با دیگر قسمتها گرفتن یک سابقه بیمه تومشهد وشهرهای بزرگ خیلی راحت ودقیق انجام میشه ولی توشعبه خواف نه میدونن چی باید بدن وبه گفته ارباب رجوع هم توجه ای ندارن
__label__Pos	قبل از نوبت دهی فیزیکی اعلام درست نوبت دهی اینترنتی توسط مسئول پاسخگو
__label__Pos	تشکر از مجموعه مدیریت شعبه
__label__Pos	در بخش مشاوره لطفا افرادی را منصوب کنید که حوصله پاسخگویی را داشته باشند .
__label__Neg	کار بلد نیستم، دائم پاس میدن همدیگه، ارباب رجوع فقط میدود و کارهای اشتباهاتشان میدهد، خدا ازشون نگدره
__label__Neg	کاغذ بازی الکی و پاسکاری ارباب رجوع
__label__Pos	برای دارندگان سیم کارت ایرانسل و دیگر سیم کارتها باید پیشبینی لازم انجام بشه
__label__Pos	واقعاپرسنل فوق العاده عالی داره
__label__Pos	کارمندان همکف عالی ولی طبقه دوم بد وبد اخلاق از خود راضی
__label__Neg	برای استعلام دفتر خانه به من گفتن یک ماه طول میکشه که اصلا قابل قبول نیست
__label__Pos	ممنون از ایجاد همچین راهکاری جهت سهولت در وقت وانجام کارها همینطور تشکر وقدر دانی از سکار خانم قدیمی جهت مدیریت خوب وراهنمایی های خوبش
__label__Neg	مسئول امور بیمه شدگان شعبه شمیران بسیار خانم بی ادب و بددهنی هستند
__label__Pos	اگر میشد موقع دریافت رمز جهت اعلام سوابق کدی ارایه میشد که مشکل ساز نبود نیازی به مراجعه مجدد نداشتیم خیلی بهتر بود
__label__Pos	اگر از این امکانات برای تمامی کارهای بیمه ایی استفاده شود خیلی عالی است
__label__Neg	لطفا این نوبت دهی اینترنتی را لغو کنید شاید یک پیرزن مراجعه کند واقعا تز افتضاحی است
__label__Pos	تعداد باجه بیشتر بشه
__label__Neg	با عرض سلام و وقت بخیر متصدی باجه ١٣ نام نویسی واقعا از لحاظ برخورد با ارباب رجوع بسیار بسیار ضعیف هستند
__label__Neg	ادبیات بسیار بد پاسخگو، شیوه رفتار نامناسب، لطفا به پرسنل خود ادب و رفتار اجتماعی بیاموزید
__label__Neg	اصلابدرد نمیخوره
__label__Neg	خیلی طرز برخوردشان زشته
__label__Pos	عالی بود
__label__Neg	شعبه 1 قسمت مستعمری مراجعه این را تهدید می‌کنند اگه حرف بزنی کارت را سه هفته بعد می اندازیم و شعبه 7 یک نامه جواب کانن بازنشستگی را برای بیمه مکمل به یک هفته بعد موکول کرده متاسفانه!
__label__Pos	تقدیر و تشکر از زحمات پرسنل محترم شعبه
__label__Pos	ممنون
__label__Neg	پرسنل بسیار بد برخورد می‌کنند . گویا فکر میکنند که ارباب رجوع ها همه یه مشت بیسواد و عقب افتاده هستند
__label__Neg	کارمندان شما فکرمیکنن حاکمان مردم هستندولی بایدخدمت گذارمردم باشندباگوشی بازی میکنه به ارباب رجوع میگه وبیرون برونوبتت شدصدامیکنم
__label__Neg	کارمند شعبه ۹قسمت مستمری فقط نیم ساعت مارو نگه داشته پشت باجه تا شیر بخوره
__label__Neg	سلام در نوبت دهی اینترنتی اصلا گزینه ای به نام عینک، دندان مصنوعی و. . . وجود ندارد و موقعی هم که گزینه پروتز واروتز را جهت انجام این کار ها را انتخاب میکنیم حین مراجعه میگویند دوباره از دستگاه نوبت بگیر واین باعث دعوا بین مراجعین وپرسنل میشود .اولا گزینه ها را نکمیل کنید دوما بنده وامثال من جهت دریافت هزینه عینک مراجعه کردم وبعد ازثبت اولیه به واحد نام نویسی مراجعه کردم دوباره بایدنوبت بگیرم ومعطل شوم لطفا طوری برنامه‌ریزی کنید برای اینجور مسایل که باید دو بار یا بیشتر ثبت شود در یک گیشه انجام شود واینکه هنوز در قسمت نام نویسی ثبت نهایی نمیشود میگویند فرایند کار ثبت هنوز درست نشده ومعلوم هم نیست کی درست شود.؟؟؟؟؟این یعنی چی؟واقعا کارتان افتضاح است
__label__Pos	ممنون از آقای راهنمایی که کنار در ورودی با صبر سوالات همه رو جواب میداد
__label__Pos	با تشکر از زحمات عزیزانی که برای رفاه مردم تلاش میکنند .
__label__Pos	سلام...از زحمات ممنون.
__label__Neg	واقعا هیچ احترامی به ارباب رجوع و ارزشی به وقت افراد قائل نیستن
__label__Pos	بسیار عالی من 10 دقیقه قبل از مراجعه به شعبه 22 تومترو نوبت گرفتم و به کارم هم رسیدم .آقا عالییییییییه این نوبت دهی اینترنتی .
__label__Pos	بابت اخلاق خوب و راهنمایی هایی درست از کارکنان محترم ان واحد (نام نویسی )تشکر میکنم.
__label__Neg	رفتار پرسنل خیلی بد هست فکر می کنند هر طور که می خوان می تونند رفتار کنند خیلی واقعا زشت هست این برخوردها
__label__Pos	طرح خوبی بنظر میرسه ولی باید زمانی برای کسانی که فقط ی سوال دارند و راهنمایی پیش بینی بشه
__label__Pos	با سلام، بهتره یه فکری برای کارگزاری ها انجام بشه که خیلی شلوغه
__label__Neg	پرسنل آموزش نحوه برخورد ببینند
__label__Pos	فقط برای زدن مهر تاریخ تمدید مراجعه به یک شعبه دیگر واقعا هدر وقت مرتجعین است لطفا برای یک باجه مهر تمدید تهیه کنید
__label__Pos	از پرسنل ربانی دو تشکر می کنم در رشت عالی است
__label__Neg	سه رو پیش نوبت گرفتم و مرجعه کردم گفتن اصلا نوبت‌دهی اینترنتی نداریم و از نو نوبت دستی بگیرین
__label__Neg	نحوه برخورد بسیار زننده و ناشایست بود عین رفتار ارباب و‌برده
__label__Neg	با سلام بنده اقدام به گرفتن نوبت اینترنتی کردم و برای ساعت ده وقت رزرو کردم وقتی ساعت مقرر به شعبه مراجعه کردم اصلا نمیدونستن داستان وقت اینترنتی چیه بعد از کلی سوال کردن بنده رو به میز خدمت هدایت کردن بعد از مراجعه به میز خدمت گفتن اصلا چنین سیستمی نداریم و کار من رو که مربوط به میز خدمت بود انجام ندادن و بعد رفتم نوبت گرفتم و خیلی قشنگ یک ساعت و نیم منتظر نوبتم نشستم لطفا اول زیر ساخت و شرایط این کار و مهیا بفرمائید بعد دعوت به این کار بکنید با تشکر
__label__Neg	انتقاد اینکه اولا هیچکدام از کارمندانتان در مورد نوبت دهی اینترنتی اطلاعی ندارند. پیشنهاد اینکه باید یه دستگاهی مثل سینماتیکت که تو سینماها برای چاپ بلیط اینترنتی استفاده میشه در ورودی باید بذارید تا نوبت اینترنتی چاپ بشه توسط ارباب رجوع نه اینکه بره سراغ همه که من نوبت دارم چیکار کنم. در نهایت اینکه کارمندان شعبه تون کلا حال کار کردن و راهنمایی درست رو ندارن. برید خوش باشید دور هم. اجرکم عند الله انشالله!
__label__Neg	پرسنل واقعا برخورد بدی دارند و همه شاکی هستن
__label__Pos	در مجموع خوب بود عملکرد و جوابدهی به ارباب رجوع
__label__Pos	بی نهایت از این سویس راضی هستم واقعا کار آدم و راحت میکنه من ۵ دقیقه هم معطل نشدم ممنونم از سازمان تامین اجتماعی بابت ساخت این برنامه و ممنونم از شعبه ۱۶ و تمامیه پرسنل کار راه اندازش
__label__Neg	هر روز بد تر از دیروز هستین با کارمندای همیشه طلبکار
__label__Neg	اصلن هیچکس اطلاعی از نوبت دهی اینترنتی نداشت و من از دستگاه نوبت گرفتم و رفتار پرسنل مخصوصا طبقه همکف شعبه سجاد بسیار بسیار بد بود
__label__Neg	توجیحشدن کارمندان به این امر که ارباب روجو انسان است سن وسالی ازش گذشته با او به احترام وسریع رفتار کنند. کسانی که برای مستمری به انجا مراجعه می کنند یا پیر هستند یا بی سواد روی دستگاه نوبت دهی رانمتوانند بخوانند مراجعه کننده نوبت باجه های دیگر رامی گیرد ودر نوبت مستمری می نشیند من که امروز برای اولین بار بود ک به بیمه رفتم جوان هستم وسواد دارم 1ساعت بی خودی الاف بودم کلا کارمنداتون تنبلا
__label__Neg	امروز تقریبا شعبه ۲۴ نیمه تعطیل بود. بیش از نیمی از کارشناس ها و پرسنل نبودن.
__label__Neg	نوبت دهی اینترنتی عملکرد بسیار ضعیفی دارد اگر به نحوی برنامه ریزی شود که فردی که در زمان نوبت اینترنتی خود در شعبه است مسولیت قسمتی که مراجعه می‌کند بتواند در سیستم خود نام و زمان نوبت فرد را ببیند و او را صداکند بهتر است تا نوبت بگیری همه جلوی باجه صف بکشند و بعد از ۲ساعت که کی نوبتش جلوتر یاعقب تره با جنگ و دوا نوبت بشه
__label__Neg	برخورد کاملا بی ادبانه و عدم راهنمایی مردم
__label__Neg	شعبه ۲۵ مراجعه کردم که اولش من رو این ور اون ور پاسگاری کردن آخرشم رفتم به همون شیوه سنتی مث بقیه افراد نوبت گرفتم و کارم انجام دادم.به جرات می تونم بگم اصا نمیدونستن اینطور سامانه ای هم وجود داره؟!!!
__label__Neg	بهترین کارمند خانم ذوالفقاری و بدترین کارمند آقای صمد پور
__label__Neg	برخورد متصدی باجه برای نام نویسی خیلی خیلی خیلی بد بود
__label__Neg	اصلادر شعبه باجه ای برای خدمات اینترنتی و نوبتهای اینترنتی موجود نبود و طبق روال سابق با شماره کار انحام میشد بهتر است اول پرستل و مادر ذرباره طرح توجیه شوند سپس به ارباب رجوع اطلاع رسانی کنید
__label__Pos	با تشکر از حسن برخورد کارکنان واحد درآمد شعبه ۲۷ خصوصا سرکار خانم محمدی
__label__Neg	فضای فیزیکی شعبه بد ورفتار پرسنل با مراجعه کننده مناسب نیست
__label__Pos	ممنون و سپاس از نوبت دهی عالی و برخورد خوب پرسنل
__label__Neg	خاک بر سر اداره تون ریدین یک هفته س الاف کردین دور تهران رو تو ترافیک گشتم هر دفعه سیستم هاتون قطعه
__label__Pos	امیدوارم با مکانیزه شدن سیستم ها و اطلاع رسانی صحیح و فراهم شدن امکانات دیگر شاهد ازدحام پشت باجه ها نباشیم با اینکه روی شیشه باجه نوشته نوبت اینترنتی همچنان مردم صف ایستاده و شلوغی ایجاد میکنند
__label__Neg	بیشتر پرسنل مشغول کارهای شخصی خود هستند و هر چند وقت یکبار و با اکراه، و بعد از اعتراض مردم، کار یکی از مراجعین رو انجام میدند. برای مردم آرزوی صبر میکنم.
__label__Neg	۳ هفته است هر روز میرم کارمندشون یک هفته است مرخصی هفته دوم در حال انتقال هفته سوم نیروی جدید نیومده
__label__Neg	ساعت هشت و ده دقیقه صبح نوبت کرفتم ساعت یکربع به یک ظهر نوبت داده شده. افراد مسن چطوری با این روش کار کنند.
__label__Pos	لطفا برای صدور فیش هم نوبت دهی شود
__label__Neg	با سلام،لطفا در هنگام وقت صرف ناهار پرسنل همه ی باجه ها تعطیل نباشن،ک متأسفانه کامل تمامی باجه ها تعطیل هستند ،باید پرسنل تسلیمیم شوند تعدادی ب نوبت در باجه ها حضور داشته باشند ک ارباب رجوع منتظر نماند و کار انجام شودو از لحاظ رفتاری پرسنل با ارباب رجوع برخورد نامناسبی دارند ک لطفا رسیدگی شود
__label__Pos	با سلام سیستم خیلی خوب و کارامدی هستش بسیار متشکرم فقط ای کاش این قطعی سیستم های بیمه هرچه زودتر برطرف بشه چون خیلی زشته سیستم بیمه یک کشور به خاطر قطعی اینترنت از کار بیفته و برای مراجعه کنندگان هم خیلی سخت هستش. با تشکر
__label__Neg	خواهشا این چه نوبت دهی است خودتون و مسخره کردین همه باید دوباره میرفتند همکف خانمی که اونجا نشسته نوبت بدهد لطفا همان دستگاه شماره گیر را بکار اندازید آخه یکی نیست به شما بگه مستمری بگیر سالمند چطوری می تونه با اینترنت ناقص شما کار کنه
__label__Pos	خوب بود ممنون
__label__Pos	واقعا نفر پاسخگو خیلی خوش برخورد بود ممنون خواستم تشکر کنم ازشون ولی متاسفانه اسمشون یادم نیست متشکر
__label__Neg	بهتر است در تمامی قسمتها دوربین نصب کنید تا رفتار بسیار بد کارمندانتان با مردم را ببینید بطور مثال دیروز در شعبه شمیران خانوم شجاعی حدود نیمساعت جلوی همه با موبایل خود صحبت کرد و هرکس سوال میکرد جواب نمیداد. متاسفم
__label__Neg	بعضی از پرسنل تون حتی به خودشون زحمت نمیدن وقتی صدا میزنی جواب بدن... کلا خیلی شعبه به هم ریخته ای دارید چون حتی باجه مخصوص نویت اینترنتی هم نداشتید و من و هی پاسکاری میکردن بین باجه ها
__label__Neg	با سلام.باتوجه به شلوغی بیش از اندازه شعبه تامین اجتماعی شیوه دریافت نوبت دهی و خدمات بسیار ضعیف می باشد.لذا با افزایش تعداد کارکنان سازمان نسبت به ارائه خدمات بهتر تلاش نمائید.ممنون
__label__Pos	خدا قوت به همه شما
__label__Neg	این سیستم نوبت دهی اینترنتی کار بی فایده و مزخرفی هست یک سر به شعب بزنید برای یک نوبت ساده گرفتن هزار تا داستان درست کردید. اگر خواستید زنگ بزنید 09122347743
__label__Pos	سپاس از رفتار مناسب کارمندان بالاخص امور بیمه شدگان اتاق ۲۲
__label__Neg	فقط پرسنل پاسکاری میکنن اونی هم که سرش خلوته جواب مردم رو نمیده باگوشی داره بازی میکنه.خدا لعنتشون کنه از همون ریس بگیر تا اون کارمند پایین
__label__Pos	مسئول باجه مرخصی ساعتی داشته به قول خودش که در حال بیرون رفتن بود ولی به مسئول قسمت اطلاع نداده بود. من به مسئول قسمت گفتم که بلافاصله جایگزین کرد.ممنون از توجه شما.
__label__Neg	روال و فرایندهای سازمان تامین اجتماعی افتضاح است به طوری که به نظر می رسد هیچ روالی تعریف نشده است، پرسنل بسیار بی انگیزه و به دور از هر نوع آموزش در خصوص تکریم ارباب رجوع. عدم وجود پایگاه داده یکپارچه در سازمان اسفناک است،
__label__Neg	پرسنل جوابگو نیستن برای یه سوال چندین روز معطلی
__label__Neg	این سیستم زمانی خوب است که همه غیر حضوری نوبت بگیرند نه اینکه اشخاص میایند و میبینند که مثلا ۱۰۰ نفر توی صف هستند و با سیستم غیر حضوری جلوی همه میرود و کارش را انحام میدهد.اینجوری در حق مردمی که توی صف هستند اجهاف میشود
__label__Neg	مدیریت خیلی افتضاحه.همه ی مردم توی صفهای طولانی بدون پاسخدهی مناسب
__label__Pos	تشکر ازتون با این طرحتون
__label__Neg	هیچ نظارتی روی هیچکس نیست . خیلی زشته که پرسنل کار رو انجام ندن و پاس بدن اینور اونور و وقتی پیش رییس میریم گله میکنیم و رییس بهشون زنگ میزنه جوری بی ادبانه برخورد میکنن و میپیچونن که پشیمون میشی از زندگی
__label__Neg	سیستم قطعه جواب دهی و نحوه ی برخورد بسیار زشت و ناشایست از ساعت ۱۰ اومدم الان ساعت ۱۲ منتظرم سیستم سابک قطعه یه مسول ای تی ندارن رسیدگی کنه اصلا راضی نیستیم فردا ...
__label__Neg	قسمت مستمری بگیران در مکان قبلی سریع الاوصولتر بود. چون نزدیک کارگزاری بود. ضمنا میزخدمت موجود در شعبه جوابگوی تعداد زیاد مراجعه کنندگان نیست. تعیین وقت اینترنتی برای کسایی که همراه اول ندارند مشکل ساز است
__label__Neg	سلام این طرح فقط یک عده پول مفت خوردن تا این طرح چرتو اجرا کنن
__label__Neg	بکار گیری نیروی متخصص و اشنا ب نحوه کار، و پرسنل صبورتر، ٢- توجیه کارمندان ب جهت ارزش مند دانستن وقت مراجعین، ٣-داشتن برخورد مناسب
__label__Neg	واقعا باید به حال پرسنل تاسف خورد ، حیف اون حقوقی که به اینها میدید
__label__Neg	سیستم نوبت دهی با موبایل بسیار ناکارآمد است و سردرگمی زیادی برای ارباب رجوع دارد
__label__Pos	باسپاس از جناب حیدری ریاست محترم شعبه.
__label__Neg	خدمات خیلی بد،متاسفانه
__label__Pos	روش بسیار مناسبی می باشد و انشاءالله پیشرفته هم بکند.
__label__Neg	من از رازی نبودم
__label__Neg	کارمندان این شعبه عموما مفهوم تکریم ارباب رجوع را نمی دانند. یکی از آنان حتی نحوی صحبت با بزرگتر ها خصوصا افراد سالمند را نمی داند
__label__Neg	من وقت اینترنت داشتم ولی متاسفانه باجه که من نوبت داشتم مسئول نیامده بود و کسی پاسخ گو نبود از باجه بغلی پرسدیدم که حالا باید چه کار کنم اظهار بی اطلاعی کرد و در نهایت به باجه دیگر اینترنتی ارجاع داده شدیم که ایشون هم ذکر کردند اول باجه خودشان را پاسخ گو هستند بعد اگه وقت شد جواب ما را هم میدهند .متاسفانه من چندین بار به این شعبه مراجعه داشتم و متاسفانه بیشتر کارمندان بد اخلاق و با بی احترامی جواب میدهند و خیلی وقت آدم را تلف میکنند .
__label__Pos	بسیار متشکر از امکانات و ارائه خدمات مناسب
__label__Pos	من امروز برای اولین از این سیستم نوبت دهی استفاده کردم و واقعا ازش راضی بودم و کلی هم در وقتم صرفه جویی شد.
__label__Neg	متاسفانه اصلا رزرو اینترنتی در شعبه 18 فعال نیست و کارمندان اصلا کار ارباب رجوع را راه نمی اندازند و باعث سر در گمی مراجعین میشوند
__label__Pos	تشکر میکنم از کل پرسنل شعبه شمیران که برای اولین بار با چنینین برخورد عالی با ارباب رجوع برخوردمیکردند
__label__Neg	شعبه 24 بیمه بخش نامنویسی رفتار بسیار بد و زننده و افتضاحی دارن و نه تنها احترام به ارباب رجوع نمیگذارند بلکه با پرخاشگری کار را به عقب میاندازند.
__label__Neg	تا زمانی که کارمندان شما از هر لحاظ تامین باشند جدیت در کار وجود نخواهد داشت
__label__Pos	بسیار عالی
__label__Neg	خدمات رسانی در این شعبه بسیار ضعیف میباشد و تنها چیزی که مورد توجه قرار نمیگیرد وقت شهروندان و بی اعتایی به شهروندان میباشد
__label__Pos	باسلام . بهتر است برای اینکه مردم تشویق به انجام خدمات الکترونیکی بشوند باجه ای مخصوص در نظر گرفته شود . باجه ای که در شعبه مخصوص این خدمات بود امروز پاسخگوی دیگران هم بود .
__label__Neg	این سیستم جدید که ایجاد کردید به شدت افتضاح است . چون تامین اجتماعی جزو مراکز پر کاربرد است و مراجعین زیاد رفت و امد میکنند مثل بانک باید برای هر واحد یک دستگاه نوبت دهی گذاشته شود و هر کس که مراجعه کرد براساس نوبت کارش انجام شود .در این صورت ادمهای کم سواد هم سردرگم نمیشوند و راحت تر کارشان را انجام میدهند .
__label__Neg	انتصاب مدیر لایق و از جنس مردم
__label__Neg	تعداد مراجعه کنندگان بسیار و خیلی شلوغ بود و برای هر کار باید خیلی وقت تلف میشی و جواب گوی خوبی نبودن
__label__Pos	قبلا هم نظرن را گفته بودم . این طرح زمانی جواب می دهد که کل امور سازمان برون سپاری شده باشد،دولت الکترونیک و اتصالات پایگاه داده ای بین ادارات برقرار شده باشد دفترچه بیمه بصچرت صد در صد حذف شده باشد . در واقع نوبت دهی اینترنتی برای شعب vip با روزی ده مراجعه جوابگوست
__label__Neg	نوبت اینترنتی میگیریم دوباره اونجا عین قدیم همه باید پشت سر هم صف بایستند
__label__Pos	همه چیز عالی بود
__label__Neg	۱ - ارباب رجوع برای انجام کار نمیداند به کجا باید مراجعه کند و از چه قسمتی باید نوبت بگیرد. ۲ - سرویس اینترنتی خیلی خوب و لازم است، ولی همزمان بایستی اطلاع رسانی روشن انجام بگیرد.
__label__Pos	بدون معطلی کارم انجام شد. ولی ایکاش نیاز به چنین کاری نبود چون باتوجه به جابجایی از شعبه 18 به 19 و اعتبار دفترچه و پرداخت در شعبه جدید ، در سیستم بیمارستان که استعلام کرد بدون اعتبار بود و می بایست نسبت به نام نویسی مجدد و تعویض دفترچه اقدام شود.
__label__Pos	اما بقیه پرسنل خیلی کمک و راهنمایی می کردند
__label__Neg	۲ ساعت اونجا بودم که فقط می گفتند سیستم قطع می باشد . به هیچ عنوان هم جواب نمی دادند
__label__Pos	پیگیری ها بصورت اینترنتی انجام شود و نیازی به حضور در این مکان نبود
__label__Pos	همه چی عالی بود. فقط تلفن های اداره که کسی جوابگو نیستن
__label__Pos	سلام. الحمدالله برای من همه چیز خوب پیش رفت ولی افراد زیادی هم شاکی بودند. قرار شد سوابق من تجمیع شود که نوبت 15 روزه دادند که به نظرم خیلی زیاد هست با توجه به اتوماسیون موجود بین شعب
__label__Pos	سلام بعنوان ارباب رجوع چندین بار به شعبه ۲۲مراجعه کردم و هر دفعه از عملکرد همکاران واحد فنی رضایت داشتم چند بار همکار فنی مستقر در باجه ۹ شعبه ۲۲ با بهترین و کاملترین جزییات کار من رو انجام داده اند. سپاس
__label__Neg	به نظر بنده این سیستم مناسب نیست، پون بنده طی 2 روز از طریق سایت نتونستم وارد بشم تا نوبت بگیرم و از طریق پیامک هم سیستم نوبندهی مشکل داشت یعنی 2 روز فقط معطل نوبت گرفتن بودم و در نهایت حضوری نوبت گرفتم،ضمنا نحوه برخورد پرسنل اصلا با مردم خوب نیست، تمامی پرسنل بی حوصله و با عصبانیت با مردم برحمخورد میکنند به استثنا تعداد اندک شمارشون.
__label__Neg	سیستم همه قطع اصلا نظم ندلشت
__label__Neg	خواهشا اپشن سیستمی که میگذارید برای همه یکسان باید صرفا نفرمائید فقط همراه اولیا
__label__Neg	با مراجعه حضوری به اداره بیمه مجبورمان می کنند نوبت را از شماره مبایلمان بگیریم و بعد از گرفتن برای روز بعد نوبت داده میشود. متاسفانه سرکار گذاشتن مشتری در ادارات بیمه و بی احترامی تمامی ندارد
__label__Pos	در صورت امکان پرسنل برای نام کلیه بخش ها به ویژه نام نویسی را بیشتر کنید تا زمان کمتری از مردم هدر رود
__label__Neg	برخورد بسیار بی ادبانه و عدم راهنمایی و همکاری با ارباب رجوع واقعاً مایه تاسف است
__label__Neg	سیستم نام نویسی همیشه قطع یا کند است
__label__Pos	هر روز در میز خدمت یک فرد از قسمت وجود داره ارباب رجوع برای بار دوم که اداره مراجعه می کنه نمی دونه چه کنه به فرد جدید مراجعه کنه یا بره اتاق مورد نظر دنبال فرد قبلی
__label__Pos	عالی
__label__Neg	تنها شعبه ای است که زمان زیادی باید در انتظار جواب دهی و رسیدگی باشیم .رفتار برخی از پرسنل اصل با ارباب رجوع خوب نیست . پاس دادن ارباب رجوع از این اتاق به اتاق دیگر کلافه کننده است
__label__Neg	کار اینترنتی شد گفتیم زودتر انجام میشه اما یهو میگن سیستم قطع هست ما هم نمیدونیم راست میگن یا نه.اعتماد به کارمندان در حد صفر شده
__label__Pos	باجه شماره ۵ بیمه شدگان خیلی مرد محترمی میباشد
__label__Neg	برای هر کاری اینقدر باید طبقه بالا طبقه پایین بریم که وقت نناد میشود و دوباره کار به روز بعد موکول میکنند. حتی برگه را میدهی و میگوید بده به همکار بقل دستی که درست صندلی کنار ی اش است.
__label__Neg	مردمو سرکار گذاشتن
__label__Neg	واقعا متاسفم برای این سیستم
__label__Neg	اصلا سرویس دهی خوب نبود پرسنل بی ادب و نظم با توجه به نوبت اینترنتی کاملا بهم ریخته بود سیستم قطع و وصل می شد دستگاه نوبت دهی دستی هم کار می کرد ولی هـیچ باجه ای پاسخگو نبود
__label__Neg	وقتی به مسول مالی و اداری مراجعه نمودم جهت انتقاد فرمودند ارباب رجوع مهم نیست کاش مسولین فقط یکبار وصیت نامه امام خمینی ره بخوانند
__label__Neg	از روزی که نوبت اینترنتی شده صف ها طولانی تر شده و هرج و مرج شده، تعداد باجه ها کم هست و مراجعه کننده زیاد
__label__Neg	نظارت بیشتر به سامانه نوبت دهی
__label__Pos	از نحوه برخورد مودبانه و راهنمایی سرکار خانم عکاشه بسیار سپاسگزارم
__label__Neg	خواهشمند است قبل از هرگونه نوبت دهی از حضور پرسنل پاسخگو اطمینان حاصل شود و سپس نوبت دهی شود.
__label__Neg	لطفا اطلاع رسانی دقیق در زمان قطعی سیستم ها انجام شود تمروز دقیقا ۲ ساعت و سی دقیقه منتطر ماندم ولی سیستم وصل نشد . زمان قطعی سیستم در زمان پیک کاری نباشد .
__label__Pos	اگر باجه برای نمایندگان قرار بهند خیلی خوب می شود
__label__Pos	سلام بسیار خوبه که اطلاع رسانی کنید و مردم هم با فرهنگ استفاده از شیوه های دیجیتال بیشتر آشنا بشوند
__label__Neg	برخورد کارکنان اصلا خوب نیس. سیستم نوبت دهی این مدلی اصلا فکر خوبی نیس. همون شیوه قبل که از دستگاه نوبت میگرفتیم بهتر بود. مثل بانک. همه هم به کارشون میرسن
__label__Pos	ممنون
__label__Neg	سیستم نوبت دهی روان نیست و باعث اتلاف وقت بیشتر در شعبه است. با وجود اینکه هیچ ارباب رجوعی وجود ندارد مجبور میکنند که نوبت سیستمی بگیریم
__label__Pos	نوبت دهی اینترنتی شیوه ای مناسب و کارآمد می باشد ممنون از لطف شما
__label__Neg	امکان نوبت دهی با سیم کارت رایتل که متعلق به تامین اجتماعی است را برقرار کنید
__label__Neg	تمام مسئولین فقط کار را از سر خود باز میکنند . بعد از کلی پاس کاری ، آخر اعلام کردند ۲ هفته دیگر مراجعه کنید . متاسفم از این طرز برخورد که واقعا افتضاح بود ، در ضمن تمام این معطلی ها بخاطر این بود که پرنسل ترک محل کار میکردند . وقتی هم به مدیریت مراجعه کردم ، اون خانم ها خیلی بی خیال گفتند کار دارد و بر میگردد . افتضاح بود واقعا .
__label__Neg	برخورد پرسنل و رییس شعبه بسیار بسیار نامناسب بود،اکثر کارمندا نبودن اون پرده کرکره ها و هم که جلو باجه ها کشیده شده بود خیلی مزخرف بود،من دو روز کاری برای گرفتن کمک هزینه ازدواج مرخصی گرفتم ولی هربارم به من جواب درست حسابی ندادن هر بار به بهانه ای منو پیچوندن،کارمندای شعب خیلیشون نبودن اوناییم که بودن یا بیکاربودن یا در حال خوردن بودن یا با گوشی بازی میکردن،طوری که موقعه ثبت شماره حساب خانم باجه شش نشسته بود کیک و چای میخورد بهش میگم کارمو انجام بده میگه بده باجه 5 باجه 5 هم سر جاش نبود همشون هم یه قیافه های وحشناکی داشتن آدم میترسید ازشون یه سوال بپرسه، رزرو اینترنتی که کردم منو به باجه بک راهنمایی کرد خانم باجه یک منو گفت برو باجه 5 باجه 5 هم به آقا بود که حدود 45 دیقه منو سر ما نگه داشت و بهم گفت بد موقع اومدی من سرم شلوغه در حالی که با گوشیش بازی میکرد هیچ کاریم نداشت،آخرشم چن بار منو پایین فرستاد بعد از مدارکم یه ایرادی گرفت و کارمو انجام نداد گفت بر پیش رییس پیش رییسم رفتم سرم داد زد گفت برو بیرون با اون قیافش خلاصه شعبه 29 خیلی خیلی بی در و پیکره صاحب نداره و هیچ کارمندی از رییسش حساب نمیبره من بین اونا هیچ احترامی ندیدم به نوعی هر کدوم از زیر کار در میرفتن شعبه خیلی بی صاحب بود همون آقای باجه 5 از کپیایی که خودم گرفته بودم الکی ایراد گرفت گفت برو دوباره کی بگیر تا یه چیزیم واسه دستگاه کپیشون بماسه ایشون برا هر برق a4یه رو ازم 500 تومن هزینه گرفته کجای قانون نوشته که اینا حتی به مشتری رحم هم نمیکنن هدفشون فقط چاپیدنه نه کار انجام دادن به کپی مشتری هم رحم نمیکنن،تو کل ایران انسانیت مرده تو شعبه 29 تامین اجتماعیتونم انسانیت هزار برابر ایران مرده این چیزی بود که من با چشمم دیدم همه هم از عملکرد پرسنل نا راضی و عصبی بودن مملکت گل و بلبل که میگن همینه خیلی خیلی متایفم براتون.
__label__Neg	بسیار ضعیف وطبق نوبت دهی انترنتی نبود ضمنا کانتر2 فنی اقای درویش در اداره حضور نداشتند وباعث سر درگمی مراجعین میشد
__label__Pos	خیلی خوب بودند
__label__Neg	بیمه تامین اجتماعی یعنی پر کردن جیب دزدها
__label__Pos	خانم محترم واقعا ممنونم از راهنمایی های شما
__label__Neg	خانم مسئول باجه سابقه شعبه نه ارتباط چشمی برقرار نمیکند، فرد مقابل را کودن فرض میکند، جواب سربالا میدهد، درست راهنمایی نمیکند
__label__Neg	با شماره دادن به ارباب رجوع توسط شماره خوان تسریع در وقت خیلی خیلی انجام میپذیرد با تشکر
__label__Neg	افتضاح
__label__Pos	لطفادر تمام قسمتها این امکان فراهم شود وبه تعداد پرسنل وباجه ها اضافه شود
__label__Neg	سلام ،من نوبت گرفتم اما کارمند بیمه تلفنی به کار دیکری ،بدون نوبت رسیدگی مکنه،اخه مگه میشه؟
__label__Pos	ممنون از زحمات پرسنل زحمتکش تامین اجتماعی شعبه شمیران
__label__Neg	با مراجعه کننده اونقدر بی ادبانه و خارج از اخلاق رفتار میخ که تصور میکنی دارن بهت صدقه میدن ،اونقدر پاس کاری بیجا انجام میشه که قابل باور نیست تا وقتی تو اون موقعیت نباشی باور نمیکنی
__label__Pos	پیشنهاد میگردد تعداد باجه های پاسخگو به نوبت دهی حضوری افزایش یابد
__label__Pos	عاااااااااااشقشم
__label__Neg	فامیلمو ننوشتم چون ترسیدم کارم انجام نشه،من بخاطر گرفتن یک فرم دو روز میرفتم میگفتم سیستم مشکل داره امروز هم که سیستم وصل شد نوبت گرفتم نوبتم شد رفتم گفت این فرمو بگیر پر کن نوبت بگیر نوبتت شد بیار،میخوام بدونم نمیتونستن اون فرم رو همون دیروز بدن من پر کنم که امروز تا سیستم قطع نشده بود کارم انجام بشه؟
__label__Pos	افزایش تعداد باجه های پاسخگو یا واگذاری برخی از امور به دفاتر کارگزاری.
__label__Pos	بالاخره بکارگیری تکنولوژی در ادارات دولتی بصورت عملی مشاهده شد.
__label__Pos	با توجه به اینکه مرکز مجهز به ادوات و نرم افزار اتوماسیون اداری می باشد انتظار سرعت عمل بیشتری از این واحد می‌رود ، البته بی انصافی است اگر حجم کارهای محوله را نا دیده بگیرم
__label__Pos	لطفا همین روش و تکریم ارباب رجوع رابه شعبه ملک باجه 9 مسوول سوابق اموزش داده شود که درست جواب مردم را بدهد ولی از طرفی همان سوال و مشکلم را در شعبه بیست طبقه اول باجه یک در میان گذاشتم این اقای محترم خیلی خیلی خوب راهنمایی و جواب من را داد که حتی وظیف ایشان هم نبود و حتی کفتم من حاضر بودم دویست هزار تومان به ان خانم شعبه ملک باجه 9بدهم تا در پیدا کردن سوابقم و انتقال ان روی پروندم کمکم کند ولی این اقای محترم خیلی با زبان درست محترمانه به من کفت پظیفه ما است که شما را راهنمایی کنیم پ ان خانم هم اشتباه کرده چون سوابق شما در سال 71و72 بوده باید با مشخصات شناسنامهای شما وارد سیستم شود چوان انموقه کد ملی نبود و همه چیز دستی انجام میگرفته باز ممنون هستم از پاسخ و راهنمایی این عزیز در طبقه اول باجه یک بازهم متشکرم از مدیریت خوب شعبه بیست که اینطور مردم را تکریم میکنند لطفا این عمل پاسخگویی را به بقیه شعب اموزش داده شود باز هم از تمام زحماتی که برای تمام مراجعین میکشد ساسگذارم دوست دار شما محمد سلطانی
__label__Pos	در نوبت دهی اینترنتی فقط برای باجه های 1 و 2 نوبت میدهد. در صورتیکه در این شعبه 7 باجه وجود دارد. اگر این قضیه در نوبت دهی برطرف شود نظم بیشتری برقرار میشود.
__label__Pos	باتوجه به ازدحام جمعیت درشعبه ها این شیوه ادامه
__label__Neg	پرسنل طبقه چهارم مخصوصا آقای ترکی واقعا فقط ارباب رجوع رو معطل می‌کنند کنترل کنید لطفا
__label__Pos	خیلی خوبه اینترنتی
__label__Pos	خیلی راضی بودم، واقعا ازتون ممنونم.
__label__Pos	تشکر از زحمات
__label__Neg	این سیستم مسخره نوبت دهی رو جمع کنید یه فکری به حال‌کارمندان تنبل بی تربیت تون بکنید
__label__Neg	دو ماه خواستم خودمو بیمه کنم آخرشم آقای میز خدمت گفت برو دو ماه دیگه بیا. گفتم چرا گفت جواب سابقه ی بیمه ت اونموقع میاد. تا اونم نیاد نمیشه بیمه بشی. خوبه پولشم میدیم. اگع مفتی بود چقدر اذیت میکردین. روز اول رفتم کارگزاری گفتن نیست. فرداش رفتم حدود 12 بود گفت من تا 12 هستم فردا با این مدارک بیا. فردا که بشه امروز رفتم بعد دوساعت سه تا برگه با کپی ها منگنه کرد فرستاد شعبه. آخه مگه دو ماه بیمه کردن اونم وقتی 600 تومن پول میدی چقدر کار داره. فقط میتونم بگم خدا ازتون نگذره
__label__Pos	انتظار این است که وقتی کاری بدون حضور مراجعه کننده میشود در شعبه انجام شود انجام گیرد نه اینکه مراجعه کننده وقتی آمده برگه ها را از این اتاق به آن اتاق ببرد تا کارهایی که بدون حضور او هم می‌توانست انجام شود را تازه شروع به انجام دادن کند.
__label__Neg	واقعا در برابر شعب دیگر بسیار بسیار ضعیف عمل می کنید.واقعا متاسفم
__label__Pos	خدا قبول کنه
__label__Pos	از نحوه برخورد همکار راضی بودم
__label__Neg	این چه وضعیه نوبت اینترنتی گرفتیم رفتیم طبقه 4 میگن دوباره ثبت کن. مثل چند سال پیش شده سنتی شلوغ حجم جمعیت جمع کنین این مسخره بازی رو ما که یرو کلمون توو نت هستش میتونیم نوبت بگیریم 4تا پیرزن و پیر مرد که از این چیزا سر در نمیارن همون دستگاه نوبت دهی رو راه بندازین این جنگولک بازی ها رو هم جمع کنین
__label__Neg	روال قبلی بهتر بود
__label__Neg	نمیدانم از کجا هستید، لطفا نخست خود را معرفی کنید و شرح دهید نظر سنجی درباره چیست ، من خود باگمان اینکه در باره شعبه ۳ تامین اجتماعی کرج است نظر دادم و اگر در مورد بان رفع مهر شهر است که به واسطه بی توجهی رییس شعبه وقت من برای امور غیر لازم تلف شد
__label__Pos	خسته نباشی می گم به همه کارمندهای اداره تامین اجتماعی بخصوص آزادشهر
__label__Pos	اگر سیستم نوبت دهی اینترنتی اطلاع رسانی بیشتری شود عالی هست.
__label__Neg	واقعا جای تاسف داره ، پرسنل شعبه ٢٩ فکر میکنن ارباب رجوع کارگرشونه، کاشکی یکی از مدیران به صورت ادم عادی برای تست بیایند و نحوه برخورد پرسنل رو ببینند.
__label__Neg	امروز نوبت گرفتم برای نامنویسی، نامنویسی انجام شد و گفت ببر فلان گیشه، رفتم گفت باید نوبت بگیری! نوبت گرفتم برای بعدازظهر! یعنی برای هر کار جزئی باید یکبار از اداره مرخصی بگیریم. اگر کارماتن پنج مرحله دارد پنج بار! واقعاً آفرین
__label__Neg	بعد از گرفتن نوبت اینترنتی و یاد آوری مجدد با ارسال پیامک هنگام مراجعه به شعبه میگویند سیستم قطع است
__label__Pos	باتشکر از نحوه ی برخورد و رسیدگی خیلی خوب کارشناس پرونده ام آقای سیدسجادکیایی و مسئولین محترم شعبه
__label__Neg	کارمندان بیشتری در هر بخش گذاشته شود.
__label__Neg	ناهماهنگی و عدم اطلاع رسانی صحیح و عدم برخورد صحیح و برخورد غیر مسئولانه. بجز آقای مصطفی شادرام بقیه کارمندان بسیار پرخاشگر
__label__Pos	عالی
__label__Pos	از شعبه ۱۹ کاملا رضایت دارم...باتشکر
__label__Pos	بتوان درنوبت دهی شعبه،بلافاصله شماره شعبه راواردکرد.
__label__Pos	با اجرای کار سیستمی میشه رفت و آمد در طبقات رو کاهش داد
__label__Pos	لطفاً به همین رویه ادامه دهید ۰ ممنون از پرسنل بیمه شعبه ۲۲
__label__Neg	شعبه بسیار شلوغ و بی در و پیکر و همه از سز باز می کنند
__label__Neg	والا به خدا نمیدونم چی بگم، اومدم از بیمه بیکاری استفاده کنم ولی اینقدر رفتار ها زننده بود که چند روز افسردگی گرفتم، واقعاً کلمه ای پیدا نمیکنم تا رفتار بعضی از پرسنل شعبه 22 رو باهاش توصیف بکنم، البته یکی دو نفر هم خوب بودن انصافا ولی بیشترشون واقعاً کار راه نمی ندازن
__label__Pos	هنگام انجام کار اذباب رجوع، با توجه به تعداد نفرات منتظر در صف، بهتر است کارکنان از تلفن شخصی خود استفاده نکنند‌. البته این اتفاق در یک نوبت رخ داد، در دفعات دیگر مراجعه چنین اتفاقی دیده نشد.
__label__Neg	نحوه برخورد پرسنل اصلا درست و در شان ارباب رجوع نیست.نحوه اطلاع رسانی هم بسیار ضعیفه
__label__Neg	اصلا پیامک ارسال نشد
__label__Neg	نوبت دهی که شماره اعلام مشود که مراجعین ندانند چه زمانی پشت باجه مراجعه نمایند باعث بی نظمی و اختلال می شود
__label__Pos	خانم نبی زاده با اقایانی که بسیار بسیار زحمت میکشیدند
__label__Neg	یعنی خاک بر سرتون با این سیستم نوبت دهیتون
__label__Pos	باجه ۳ نامنویسی واقعا ادم با ادب و خوبی هستن صمنا قسمت بازرسی اقای درویش هم همینطور
__label__Neg	افتضاح
__label__Pos	سیستم نوبت دهی انلاین خیلی خوب بود 👍🏼👍🏼
__label__Neg	خانم اربابی مزخرف
__label__Pos	واقعا خسته نباشن کا بااخلاق خوب ونیکو درخدمت به خلق وظفیفشون روانجام میدن.باتشکر.
__label__Pos	رفتار باجه طبقه ۱ باجه ۵ خیلی خوب بود منو سر ندوند وبامحبت رفتار کرد کارم وانجام داد خدا خیرش بده
__label__Neg	برخورد خیلی بد وعدم جواب دهی
__label__Neg	افتضاح فقط همین رو میتونم بگم
__label__Neg	متاسفم که نمیتوانم بابت بگم بابت زحماتی که پرسنل میکشند ممنونم دوست داشتم همچین جمله ای بگم اما متاسفانه در این شعبه نه احترام ها نگه داشته میشه نه پرسنل جوابدهی دقیقی دارن باید خودت حدس بزنی فلانی کیه یا دفترش کجاش مدام یه این اتاق و ان اتاق پاس داده بشی و در نهایت همه بگن چرا اینجا اومدی اونم واسه مقدار بسیار بسیار ناچیزی که اگه میدونستم اینهمه عذاب به خودم نمیدادم خانم منشی کنار ریاست که کنار خانم میر احمدی می نشینند هم بسیار بسیار بی ادب هستن و با بی احترامی کامل و پود خند از مردم پذیرایی میکنند واقعا متاسفم
__label__Pos	انتقاد از شعبه هجده بخش بیمه شدگان دارم که همیشه خیلی کند باجه یک و دو کار انجام می دهند
__label__Pos	عالییییییی
__label__Neg	مسخره است ،من دو روز نوبت اینترنتی گرفتم،هیچ کس در این شعبه اطلاعی از این ندارد،هرچند در و دیوار پر از اعلان و تبلیغ برای نوبت گیری اینترنتی است.خودتون هم خوب میدونید که نمی‌دونید مدیریت چیه
__label__Neg	برخورد بسیار زشت و ناپسند تمامی کارمندان با مراجعه کنندگان و نگاه از بالای کارمندان به ارباب رجوع.عدم پاسخگویی مناسب به سوالات مراجعه کننده و ...
__label__Pos	کاش میزان رضایتمندی ازنحوه پاسخگویی و عملکرد کارمندا هم با ذکر نام کارمند جهت استفاده های بعدی برای تصدی های کرسی خدمت درنرم افزار پیش بینی میشد
__label__Pos	 همگی پرسنل تامین اجتماعی خسته نباشند. باتشکر
__label__Pos	خیلی عالی
__label__Neg	واقعا مردم رو اذیت میکنند،برای تمدید کارت مهارت چندین روز باید علاف باشی وکاغذ بازی بیخود کنی
__label__Pos	تشکر
__label__Neg	صبح رفتم کارمو انجام ندادن گفتن باید اینترنتی وقت بگیری با اینکه شعبه خلوت بود بعد ١١.٤٠ وقت گرفتم همسرم مرخصی گرفت بچه دو ماهم رو تو ماشین پیش باباش گذاشتم رفتم میگن سیستم قطعه بشینین تا وصل بشه تا شاعت دو نشستم دیدم دارن ناهار میخورن میگم چی شد میگن نه تا دو روز دیگه سیستم قطعه یعنی اگر من نمیپرسیدم تا ساعت چهارم بیکار میشستن و نمیگفتن. تازه مثل کارگرا با آدم حرف میزنن بسیار بی ادبانه و طلبکار... حالا من چجوری دوبلره با یه بچه دو ماهه بیام😐
__label__Neg	اینجانب برای دریافت سابقه بیمه خود که به سایت سازمان تامین اجتماعی مراجعه مینمایم کمتر از ۵دقیقه تمام سوابق کاری خود را دریافت مینمایم اما بعد از نوبت دهی که به ۳۰ دقیقه به طول انجامید کارشناس مورد نظر بابت ارائه سوابق بیمه اینجانب را به یک هفته بعد موکول کردند.همچنین برای دریافت کمک هزینه ازدواج کارمند مربوطه اطلاعات ناکافی به اینجانب دادند.چطور باید برای گرفتن کمک هزینه ازدواج که سرجمع یک پایه حقوق میشود انقدر سختگیرانه و با بی میلی پاسخگو باشند.درصورتیکه با اینقدر بی حوصلگی کار انجام میدهند چطور میخواهند با نوبت دهی اینترنتی از میزان تردد ارباب رجوع بکاهند؟
__label__Pos	همه چیز عالی
__label__Neg	با سلام و خسته نباشید، متاسفانه نزدیک به ۵ بار برای کازی که در یک بار امکان حل شدنش بود مجبور شدم برم شعبه، واقعا عملکرد کارکنان و پاسخگویی بسیار ضعیف هست. هر دفعه حرفای دفعه پیش کاملا نقض میشه و مجبور هستیم چندین بار برای کارهای کوچک به شعبه برویم که این زمان و هزینه بر هست. متاسفانه این بار هم کارم انجام نشد و به دفعه بعد افتاد
__label__Neg	تمام مراحل کار سنتی و با کاغذ بازیست ، در حالی که تمام مراحل به دست کارمندان انجام میشو ؟! و ارباب رجوع نقشی جز حمل کننده نامه ها ندارد ، تمام این خدمات قابل ارایه در بستر شبکه کامپوتری و ارتباطات یکپارچه است بدون نیاز طی آنهمه پله و اتاق و طبقه که برای افراد مسن و معلول واقعا مشکل است
__label__Neg	برخورد کارشناس کانتر شماره هشت در شعبه بیست و نه بسیار نامناسب و زننده بود
__label__Pos	باجه سیستم اینترنتی جداگانه باشد تا تبلیغ شود سایرین نیز از این روش پیگیری کنند .
__label__Neg	باسلام دررابط گرفتن نوبت اینرنتی که کار خیلی خوبی است نظربه اینکه همه از این قانون پیروی کنند ولی درمورد بعضی از افراد قسمت درامد که برخورد انها خیلی خیلی ضعیف می باشدچهاز لحاظ برخورد وچه از لحاظ کاری را که باید انجام دهند می توان به یکی از این افراد اشاره کرد خانم زارع که طرزه برخورد وکارایشان خیلی بعد است لطفا تذکر بدهید ومی توان از این طریق از خانم کماکاتی وخانم انتخابی ودیگران سپاسگذاری کرد باتشکر
__label__Pos	با تشکر فراوان در صورت امکان از روشهایی برای مراجعه هر چه کمتر به شعبه استفاده نمایید
__label__Neg	رسیدگی و پذیرش مراجعان با تاخیرات فراوان انجام میشه. اصلا شماره نوبتهارو نمیخونن هرکی زودتر رفت دم باجه اون نفر اول به کارش رسیدگی میشه. برخورد کارکنان بد. با خودشون هم دعوا دارن
__label__Neg	سلام این سیستم جواب نمیدهد و فقط نارضایتی مردم را بیشتر وبیشتر میکند
__label__Pos	همکاران علاقه مند و مودب بسیار عالی
__label__Neg	چی بگم یکبار خودتان بصورت ناشناس مراجعه کنید!
__label__Pos	درود فراوان به شما عزیزان هم وطن
__label__Pos	مسول باجه چهار حضور نداشت،اما مسول باجه۶ با خشرویی تمام به امور رسیدگی فرمودند
__label__Neg	سلام در نوبت دهی اینترنتی اصلا گزینه ای به نام عینک، دندان مصنوعی و. . . . وجود ندارد و موقعی هم که گزینه پروتز واروتز را جهت انجام این نوع کارها انتخاب میکنیم خین
__label__Neg	برای دریافت بیمه بیکاری چهار ماه در تردد هستم
__label__Neg	با سلام مسئول نوبت دهی در پاسخگویی نویت را رعایت نمیکردند و در جواب اعتراض جواب سر بالا میدادند
__label__Neg	سیستم قطع بود رفتار ناشایست
__label__Neg	انتقادی نمیشه کرد چون مبنای کار شما در تامین احتماعی بر اساس انجام نشدن و به تعویق افتادن کارهاست; اینقدر افراد را پاس کاری میکنید تا خسته شده و عطایش را به لقایش ببخشند.و این از محاسن یک مملکت جهان چندمی است.
__label__Pos	از طریق نوبت دهی اینترنتی اقدام کردم و همه چیز در راس ساعت مقرر شده و بدون ذره ای معطلی انجام شد که باور کردنی نبود. با تشکر فراوان.
__label__Neg	لطفا زمانی نوبت دهی اینترنت کنید که توانشو داشته باشید برای شما همان زنبیل مناسب تر است .شمارو چه به تکنولوژی .با تکنولوژی شما ۱ ساعت بعد از نوبت دهی نوبتم شد بسیار متاسفم
__label__Neg	واقعاااا برای تامین اجتماعی متاسفم که همچین نیروهای بی مسئولیت و بی اخلاق و بی ادب را استخدام کرده
__label__Pos	شاد و پیروز باشید
__label__Pos	نحوه رسیدگی خیلی خوب بود
__label__Neg	اطاق اطلاعات قرار دهید تا مردم سردرگم نشوند
__label__Pos	نسبت به قبل پاسخ گویی خیلی بهتر شده با سپاس.
__label__Pos	سامانه پرداخت بدهی انلاین شود
__label__Pos	تشکر وخسته نباشید
__label__Neg	همه چی افتضاح
__label__Pos	تشکر از همه کارکنان شعبه دهدشت پیروز و سر بلند
__label__Pos	با تشکر فراوان از کلیه کارکنان شعبه 5 تهران بویژه آقایان نوروزی و کیایی
__label__Neg	بسیار بد خیلی بد. پرسنل مراجعه کننده را سرگردان می کنند و خوب راهنمایی نمی کنند
__label__Pos	باتوجه به ازدحام جمعیت در شعبه ها ومراجعات مکرر افراد پیشنهاد میشود میز خدمت در هرواحد گنجانده شود تا مراجعین بتواند با راهنمایی آنها مسیر درستی را بپیمایند تا باعث اتلاف وقت متصدی باجه و مراجعین نشود اباتشکر
__label__Pos	آرزوی موفقیت برای همه دارم
__label__Neg	خیلی خیلی بد و افتضاح بود
__label__Pos	عالی
__label__Neg	عدم‌ پاسخگویی‌‌خوب‌وشفاف‌نبودن‌عملکرد‌مسعولین
__label__Pos	به نظر من ایده خیلی خوبی بوده برای انجام کارهای بیمه و بای مراجعه کنندگان هم خوب شده
__label__Pos	همه چی عالیه مرسی از زحماتتون‌
__label__Neg	لطفا لطفا لطفا لطفا در مورد نحوه برخورد پرنسل با ارباب و رجوع جلسات متعدد بزارید و یاداوری کنید که باید با ارباب رجوع چه جوری برخورد کنن
__label__Neg	خوردن صبحانه برای پرسنل واجب تر از انجام کار ارباب رجوع می باشد
__label__Pos	همه چی عالی و خوب مرسی از همه شما
__label__Pos	بسیار عالی بود همه چبز مخصوصا برخورد و راهنمایی سرکار خانم بهزادی
__label__Neg	نوبت دهی افتضاح انلاین. مگر سیستم شماره دهی دستگاه چه اشکالی داشت؟!! مردم رو سر ما گذاشتید
__label__Neg	لطفا برای وقت و شخصیت ما ارزش قائل شوید. لطفا به پرسنل خود یادآوری کنید که با ارباب رجوع برخورد خوب داشته باشند و حداقل موقع جواب دادن سر مبارک رو بالا بیارن. خدمات بیمه تامین اجتماعی رایگان نیست که با منت برای ما انجام دهید! هر ماه از حقوق ما بابت بیمه کسر میشود و اگر واریزی بیمه ما کارمندان و کارگران نبود، شرکت بیمه تامین اجتماعی هم نبود.
__label__Pos	ای کاش امکانش میبود که از طریق موبایل یا اینترنت به بیمه شدگان خبر میدادند که نوبت دهی اینترنتی شده.من دوبار مراجعه کردم تا متوجه شدم.ولی با تمام این وجود همه چی عالی بود.از زحمات آن سازمان محترم نهایت تشکر را دارم.
__label__Neg	با سلام بنده وقت گرفتم برای ثبت نام و با خیال راحت از کرج اومدم تا خیابان هویزه که کارم انجام بشه وقتی رسیدم مسئول باجه گفت سیستم قطع شده انشاالله فردا بنده با کلی گرفتاری از کار و زندگیم زدم تا کارم انجام بشه ولی متاسفانه هیچ کار مثبتی صورت نگرفت.واقعا خسته نباشید که این همه به فکر مردم هستین
